"start";"end";"I1_min";"I1_max";"I2_min";"I2_max";"I3_min";"I3_max";"U12_min";"U12_max";"U23_min";"U23_max";"U31_min";"U31_max"
"08.07.2018 03:18:14.971526";"08.07.2018 03:18:14.971726";31,4186;33,81276;-62,91289;-62,06198;29,99722;33,47438;42034,67;42964,27;-40244,04;-39148,7;-3815,576;-1790,631
"08.07.2018 03:18:14.971726";"08.07.2018 03:18:14.971927";33,81276;36,38013;-62,06198;-61,09739;26,24617;29,99722;42964,27;43722,16;-39148,7;-38142,16;-5580,002;-3815,576
"08.07.2018 03:18:14.971927";"08.07.2018 03:18:14.972127";36,38013;38,98959;-61,09739;-60,22141;22,58003;26,24617;43722,16;44397,79;-38142,16;-36729,19;-7668,606;-5580,002
"08.07.2018 03:18:14.972127";"08.07.2018 03:18:14.972328";38,98959;43,97157;-60,22141;-59,37797;16,58389;22,58003;44397,79;45883,68;-36729,19;-33613,87;-12269,81;-7668,606
"08.07.2018 03:18:14.972328";"08.07.2018 03:18:14.972528";43,97157;46,30375;-59,45731;-59,37797;14,35997;16,58389;45883,68;46505,98;-33613,87;-31542,45;-14963,52;-12269,81
"08.07.2018 03:18:14.972528";"08.07.2018 03:18:14.972728";46,30375;48,56987;-59,6604;-59,45731;12,40047;14,35997;46505,98;47120,61;-31542,45;-29611,57;-17509,05;-14963,52
"08.07.2018 03:18:14.972728";"08.07.2018 03:18:14.972929";48,56987;52,99498;-59,68904;-59,22866;7,922207;12,40047;47120,61;47725,7;-29611,57;-25271,84;-22453,87;-17509,05
"08.07.2018 03:18:14.972929";"08.07.2018 03:18:14.973129";52,99498;55,1114;-59,22866;-58,05086;4,862724;7,922207;47725,7;47735,27;-25271,84;-23290,38;-24444,89;-22453,87
"08.07.2018 03:18:14.973129";"08.07.2018 03:18:14.973330";55,1114;57,08666;-58,05086;-56,09599;1,166262;4,862724;47602,92;47735,27;-23290,38;-21293,41;-26309,51;-24444,89
"08.07.2018 03:18:14.973330";"08.07.2018 03:18:14.973530";57,08666;58,8617;-56,09599;-53,50414;-2,990781;1,166262;47368,97;47602,92;-21293,41;-19577,1;-27791,88;-26309,51
"08.07.2018 03:18:14.973530";"08.07.2018 03:18:14.973731";58,8617;61,72255;-53,50414;-47,69902;-11,37843;-2,990781;46526,76;47368,97;-19577,1;-15859,19;-30667,58;-27791,88
"08.07.2018 03:18:14.973731";"08.07.2018 03:18:14.973931";61,72255;62,83739;-47,69902;-45,18626;-14,95639;-11,37843;46071,67;46526,76;-15859,19;-13858,68;-32212,99;-30667,58
"08.07.2018 03:18:14.973931";"08.07.2018 03:18:14.974131";62,83739;63,76757;-45,18626;-43,20667;-17,87623;-14,95639;45351,42;46071,67;-13858,68;-11414,29;-33937,13;-32212,99
"08.07.2018 03:18:14.974131";"08.07.2018 03:18:14.974332";63,76757;64,96072;-43,20667;-40,43801;-21,99495;-17,87623;43795,01;45351,42;-11414,29;-6338,327;-37456,69;-33937,13
"08.07.2018 03:18:14.974332";"08.07.2018 03:18:14.974532";64,96072;65,07338;-40,43801;-39,02782;-23,63096;-21,99495;42751,71;43795,01;-6338,327;-3679,688;-39072,02;-37456,69
"08.07.2018 03:18:14.974532";"08.07.2018 03:18:14.974733";64,75912;65,07338;-39,02782;-37,12124;-25,33327;-23,63096;41685,86;42751,71;-3679,688;-1212,853;-40473,01;-39072,02
"08.07.2018 03:18:14.974733";"08.07.2018 03:18:14.974933";64,00682;64,75912;-37,12124;-34,49791;-27,29244;-25,33327;40611,82;41685,86;-1212,853;972,6194;-41584,44;-40473,01
"08.07.2018 03:18:14.974933";"08.07.2018 03:18:14.975134";61,64191;64,00682;-34,49791;-27,29439;-32,18819;-27,29244;38413,88;40611,82;972,6194;5014,449;-43428,33;-41584,44
"08.07.2018 03:18:14.975134";"08.07.2018 03:18:14.975334";60,46859;61,64191;-27,29439;-23,28487;-34,98214;-32,18819;37093,42;38413,88;5014,449;7100,269;-44193,7;-43428,33
"08.07.2018 03:18:14.975334";"08.07.2018 03:18:14.975534";59,62106;60,46859;-23,28487;-19,50582;-37,82878;-34,98214;35671,58;37093,42;7100,269;9350,365;-45021,95;-44193,7
"08.07.2018 03:18:14.975534";"08.07.2018 03:18:14.975735";59,23812;59,62106;-19,50582;-16,23364;-40,60246;-37,82878;33982,86;35671,58;9350,365;11640,58;-45623,45;-45021,95
"08.07.2018 03:18:14.975735";"08.07.2018 03:18:14.975935";59,23812;59,60575;-16,23364;-11,29904;-45,65419;-40,60246;30005,06;33982,86;11640,58;16917,48;-46922,54;-45623,45
"08.07.2018 03:18:14.975935";"08.07.2018 03:18:14.976136";59,60575;59,83547;-11,29904;-9,182898;-47,90685;-45,65419;27940,53;30005,06;16917,48;19366,72;-47307,24;-46922,54
"08.07.2018 03:18:14.976136";"08.07.2018 03:18:14.976336";59,62828;59,83547;-9,182898;-6,833469;-50,00352;-47,90685;25726,26;27940,53;19366,72;21924,39;-47650,66;-47307,24
"08.07.2018 03:18:14.976336";"08.07.2018 03:18:14.976537";56,96373;59,62828;-6,833469;-0,4610993;-53,81525;-50,00352;21697,07;25726,26;21924,39;25894,26;-47739,56;-47591,34
"08.07.2018 03:18:14.976537";"08.07.2018 03:18:14.976737";54,51588;56,96373;-0,4610993;3,563012;-55,54965;-53,81525;19875,88;21697,07;25894,26;27491,88;-47591,34;-47367,77
"08.07.2018 03:18:14.976737";"08.07.2018 03:18:14.976937";51,65936;54,51588;3,563012;7,817639;-57,16927;-55,54965;18159,1;19875,88;27491,88;28842,81;-47367,77;-47001,92
"08.07.2018 03:18:14.976937";"08.07.2018 03:18:14.977138";48,78089;51,65936;7,817639;11,92291;-58,666;-57,16927;16288,07;18159,1;28842,81;30350,4;-47001,92;-46638,47
"08.07.2018 03:18:14.977138";"08.07.2018 03:18:14.977338";44,19212;48,78089;11,92291;18,44284;-61,19519;-58,666;11884,51;16288,07;30350,4;33606,26;-46638,47;-45490,77
"08.07.2018 03:18:14.977338";"08.07.2018 03:18:14.977539";42,64319;44,19212;18,44284;20,64378;-62,12552;-61,19519;9286,973;11884,51;33606,26;35462,41;-45490,77;-44749,38
"08.07.2018 03:18:14.977539";"08.07.2018 03:18:14.977739";41,34241;42,64319;20,64378;22,31474;-62,72843;-62,12552;6835,159;9286,973;35462,41;37041,4;-44749,38;-43876,56
"08.07.2018 03:18:14.977739";"08.07.2018 03:18:14.977940";38,03943;41,34241;22,31474;25,28238;-62,92112;-62,65402;1728,139;6835,159;37041,4;40094,46;-43876,56;-41822,6
"08.07.2018 03:18:14.977940";"08.07.2018 03:18:14.978140";35,4557;38,03943;25,28238;27,14429;-62,65402;-61,94533;-507,0372;1728,139;40094,46;41261,65;-41822,6;-40754,63
"08.07.2018 03:18:14.978140";"08.07.2018 03:18:14.978340";32,16611;35,4557;27,14429;29,45155;-61,94533;-60,90218;-2716,995;-507,0372;41261,65;42328,66;-40754,63;-39611,65
"08.07.2018 03:18:14.978340";"08.07.2018 03:18:14.978541";28,38079;32,16611;29,45155;32,17112;-60,90218;-59,71548;-4666,167;-2716,995;42328,66;43212,91;-39611,65;-38546,76
"08.07.2018 03:18:14.978541";"08.07.2018 03:18:14.978741";20,77546;28,38079;32,17112;38,23951;-59,71548;-57,84354;-8726,176;-4666,167;43212,91;44740,15;-38546,76;-36013,98
"08.07.2018 03:18:14.978741";"08.07.2018 03:18:14.978942";17,60578;20,77546;38,23951;41,23954;-57,84354;-57,51211;-11039,84;-8726,176;44740,15;45454,04;-36013,98;-34414,18
"08.07.2018 03:18:14.978942";"08.07.2018 03:18:14.979142";15,0148;17,60578;41,23954;44,062;-57,62051;-57,51211;-13729,14;-11039,84;45454,04;46238,52;-34414,18;-32509,38
"08.07.2018 03:18:14.979142";"08.07.2018 03:18:14.979342";10,76628;15,0148;44,062;49,11984;-58,37924;-57,62051;-18860,34;-13729,14;46238,52;47292,31;-32509,38;-28431,98
"08.07.2018 03:18:14.979342";"08.07.2018 03:18:14.979543";8,402091;10,76628;49,11984;51,42398;-58,41314;-58,37924;-21406,39;-18860,34;47292,31;47650,36;-28431,98;-26243,97
"08.07.2018 03:18:14.979543";"08.07.2018 03:18:14.979743";5,451351;8,402091;51,42398;53,61873;-58,41314;-57,8301;-23546,53;-21406,39;47650,36;47737,36;-26243,97;-24190,84
"08.07.2018 03:18:14.979743";"08.07.2018 03:18:14.979944";1,797911;5,451351;53,61873;55,69759;-57,8301;-56,49573;-25490,22;-23546,53;47672,91;47737,36;-24190,84;-22182,69
"08.07.2018 03:18:14.979944";"08.07.2018 03:18:14.980144";-6,995165;1,797911;55,69759;59,36271;-56,49573;-51,96666;-28593,69;-25490,22;47200,74;47672,91;-22182,69;-18607,04
"08.07.2018 03:18:14.980144";"08.07.2018 03:18:14.980345";-11,44609;-6,995165;59,36271;60,87836;-51,96666;-49,33715;-29953,7;-28593,69;46840,75;47200,74;-18607,04;-16887,06
"08.07.2018 03:18:14.980345";"08.07.2018 03:18:14.980545";-15,43974;-11,44609;60,87836;62,16939;-49,33715;-46,90749;-31384,86;-29953,7;46321,09;46840,75;-16887,06;-14936,22
"08.07.2018 03:18:14.980545";"08.07.2018 03:18:14.980745";-21,32878;-15,43974;62,16939;64,13467;-46,90749;-43,33958;-34876,74;-31384,86;45178,74;46321,09;-14936,22;-10301,99
"08.07.2018 03:18:14.980745";"08.07.2018 03:18:14.980946";-23,32796;-21,32878;64,13467;64,81367;-43,33958;-42,07338;-36555,12;-34876,74;44298,88;45178,74;-10301,99;-7743,767
"08.07.2018 03:18:14.980946";"08.07.2018 03:18:14.981146";-25,00505;-23,32796;64,81367;65,24712;-42,07338;-40,79618;-38246,14;-36555,12;43448,85;44298,88;-7743,767;-5202,711
"08.07.2018 03:18:14.981146";"08.07.2018 03:18:14.981347";-26,64544;-25,00505;65,24712;65,37501;-40,79618;-39,17051;-39704,43;-38246,14;42344,13;43448,85;-5202,711;-2639,706
"08.07.2018 03:18:14.981347";"08.07.2018 03:18:14.981547";-30,58995;-26,64544;64,57018;65,37501;-39,17051;-34,02681;-42006,76;-39704,43;40230,08;42344,13;-2639,706;1776,677
"08.07.2018 03:18:14.981547";"08.07.2018 03:18:14.981748";-32,98412;-30,58995;63,71926;64,57018;-34,02681;-30,54965;-42936,36;-42006,76;39134,74;40230,08;1776,677;3801,623
"08.07.2018 03:18:14.981748";"08.07.2018 03:18:14.981948";-35,55149;-32,98412;62,75467;63,71926;-30,54965;-26,79859;-43694,25;-42936,36;38128,21;39134,74;3801,623;5566,049
"08.07.2018 03:18:14.981948";"08.07.2018 03:18:14.982148";-40,70747;-35,55149;61,27438;62,75467;-26,79859;-19,85995;-45102,32;-43694,25;35215,16;38128,21;5566,049;9887,159
"08.07.2018 03:18:14.982148";"08.07.2018 03:18:14.982349";-43,14293;-40,70747;61,03526;61,27438;-19,85995;-17,13632;-45855,77;-45102,32;33599,91;35215,16;9887,159;12255,86
"08.07.2018 03:18:14.982349";"08.07.2018 03:18:14.982549";-45,47511;-43,14293;61,03526;61,11459;-17,13632;-14,9124;-46478,07;-45855,77;31528,5;33599,91;12255,86;14949,56
"08.07.2018 03:18:14.982549";"08.07.2018 03:18:14.982750";-47,74123;-45,47511;61,11459;61,31768;-14,9124;-12,9529;-47092,7;-46478,07;29597,62;31528,5;14949,56;17495,09
"08.07.2018 03:18:14.982750";"08.07.2018 03:18:14.982950";-52,16634;-47,74123;60,88594;61,34633;-12,9529;-8,474634;-47697,79;-47092,7;25257,88;29597,62;17495,09;22439,92
"08.07.2018 03:18:14.982950";"08.07.2018 03:18:14.983151";-54,28276;-52,16634;59,70814;60,88594;-8,474634;-5,415151;-47707,36;-47697,79;23276,43;25257,88;22439,92;24430,93
"08.07.2018 03:18:14.983151";"08.07.2018 03:18:14.983351";-56,25802;-54,28276;57,75327;59,70814;-5,415151;-1,718689;-47707,36;-47575,01;21279,46;23276,43;24430,93;26295,56
"08.07.2018 03:18:14.983351";"08.07.2018 03:18:14.983551";-59,57698;-56,25802;52,23721;57,75327;-1,718689;6,739421;-47575,01;-46958,05;17888,97;21279,46;26295,56;29069,08
"08.07.2018 03:18:14.983551";"08.07.2018 03:18:14.983752";-60,89391;-59,57698;49,3563;52,23721;6,739421;10,826;-46958,05;-46498,86;15845,24;17888,97;29069,08;30653,63
"08.07.2018 03:18:14.983752";"08.07.2018 03:18:14.983952";-62,00875;-60,89391;46,84354;49,3563;10,826;14,40396;-46498,86;-46043,76;13844,73;15845,24;30653,63;32199,03
"08.07.2018 03:18:14.983952";"08.07.2018 03:18:14.984153";-62,93893;-62,00875;44,86395;46,84354;14,40396;17,3238;-46043,76;-45323,51;11400,34;13844,73;32199,03;33923,17
"08.07.2018 03:18:14.984153";"08.07.2018 03:18:14.984353";-63,00145;-62,56238;42,09529;44,86395;17,3238;21,3612;-45323,51;-43767,1;6324,373;11400,34;33923,17;37442,73
"08.07.2018 03:18:14.984353";"08.07.2018 03:18:14.984554";-63,09106;-63,00145;40,6851;42,09529;21,3612;22,91608;-43767,1;-42723,8;3665,734;6324,373;37442,73;39058,07
"08.07.2018 03:18:14.984554";"08.07.2018 03:18:14.984754";-63,09106;-62,75653;38,77852;40,6851;22,91608;24,53767;-42723,8;-41657,95;1198,9;3665,734;39058,07;40459,05
"08.07.2018 03:18:14.984754";"08.07.2018 03:18:14.984954";-62,75653;-61,98679;36,15519;38,77852;24,53767;26,41669;-41657,95;-40583,91;-986,5732;1198,9;40459,05;41570,49
"08.07.2018 03:18:14.984954";"08.07.2018 03:18:14.985155";-61,98679;-59,59563;28,95167;36,15519;26,41669;31,15468;-40583,91;-38385,97;-5028,402;-986,5732;41570,49;43414,38
"08.07.2018 03:18:14.985155";"08.07.2018 03:18:14.985355";-59,59563;-58,41358;24,94215;28,95167;31,15468;33,8714;-38385,97;-37065,52;-7114,223;-5028,402;43414,38;44179,75
"08.07.2018 03:18:14.985355";"08.07.2018 03:18:14.985556";-58,41358;-57,56027;21,1631;24,94215;33,8714;36,64214;-37065,52;-35643,67;-9364,319;-7114,223;44179,75;45008
"08.07.2018 03:18:14.985556";"08.07.2018 03:18:14.985756";-57,56027;-57,17452;15,20323;21,1631;36,64214;41,88782;-35643,67;-31904,33;-14380,53;-9364,319;45008;46284,87
"08.07.2018 03:18:14.985756";"08.07.2018 03:18:14.985956";-57,54545;-57,23488;12,95632;15,20323;41,88782;44,24975;-31904,33;-29977,15;-16931,43;-14380,53;46284,87;46908,59
"08.07.2018 03:18:14.985956";"08.07.2018 03:18:14.986157";-57,78127;-57,54545;10,84018;12,95632;44,24975;46,43369;-29977,15;-27912,62;-19380,67;-16931,43;46908,59;47293,29
"08.07.2018 03:18:14.986157";"08.07.2018 03:18:14.986357";-57,78127;-57,58314;8,49075;10,84018;46,43369;48,46384;-27912,62;-25698,35;-21938,34;-19380,67;47293,29;47636,7
"08.07.2018 03:18:14.986357";"08.07.2018 03:18:14.986558";-57,58314;-54,94547;2,118381;8,49075;48,46384;52,14986;-25698,35;-21669,16;-25908,21;-21938,34;47577,38;47725,6
"08.07.2018 03:18:14.986558";"08.07.2018 03:18:14.986758";-54,94547;-52,51537;-1,90573;2,118381;52,14986;53,82535;-21669,16;-19847,97;-27505,84;-25908,21;47353,81;47577,38
"08.07.2018 03:18:14.986758";"08.07.2018 03:18:14.986959";-52,51537;-49,67942;-6,160358;-1,90573;53,82535;55,38887;-19847,97;-18131,19;-28856,77;-27505,84;46987,96;47353,81
"08.07.2018 03:18:14.986959";"08.07.2018 03:18:14.987159";-49,67942;-44,29757;-13,87579;-6,160358;55,38887;58,13725;-18131,19;-14290,25;-31876,85;-28856,77;46167,11;46987,96
"08.07.2018 03:18:14.987159";"08.07.2018 03:18:14.987359";-44,29757;-42,29032;-16,78555;-13,87579;58,13725;59,26478;-14290,25;-11856,6;-33620,22;-31876,85;45476,82;46167,11
"08.07.2018 03:18:14.987359";"08.07.2018 03:18:14.987560";-42,29032;-40,77271;-18,98649;-16,78555;59,26478;60,15159;-11856,6;-9259,065;-35476,36;-33620,22;44735,43;45476,82
"08.07.2018 03:18:14.987560";"08.07.2018 03:18:14.987760";-40,77271;-39,50575;-20,65746;-18,98649;60,15159;60,71441;-9259,065;-6807,251;-37055,36;-35476,36;43862,61;44735,43
"08.07.2018 03:18:14.987760";"08.07.2018 03:18:14.987961";-39,50575;-36,2776;-23,6251;-20,65746;60,57047;60,87053;-6807,251;-1700,231;-40108,41;-37055,36;41808,64;43862,61
"08.07.2018 03:18:14.987961";"08.07.2018 03:18:14.988161";-36,2776;-33,73471;-25,48701;-23,6251;59,83249;60,57047;-1700,231;534,9448;-41275,61;-40108,41;40740,67;41808,64
"08.07.2018 03:18:14.988161";"08.07.2018 03:18:14.988362";-33,73471;-30,48811;-27,79427;-25,48701;58,76383;59,83249;534,9448;2744,902;-42342,61;-41275,61;39597,7;40740,67
"08.07.2018 03:18:14.988362";"08.07.2018 03:18:14.988562";-30,48811;-22,87121;-33,50476;-27,79427;56,44455;58,76383;2744,902;6663,114;-44040,31;-42342,61;37377,2;39597,7
"08.07.2018 03:18:14.988562";"08.07.2018 03:18:14.988762";-22,87121;-19,23826;-36,58223;-33,50476;55,65175;56,44455;6663,114;8754,083;-44754,11;-44040,31;36000,03;37377,2
"08.07.2018 03:18:14.988762";"08.07.2018 03:18:14.988963";-19,23826;-16,11907;-39,58226;-36,58223;55,31039;55,65175;8754,083;11067,75;-45467,99;-44754,11;34400,23;36000,03
"08.07.2018 03:18:14.988963";"08.07.2018 03:18:14.989163";-16,11907;-13,58019;-42,40472;-39,58226;55,31039;55,41279;11067,75;13757,05;-46252,48;-45467,99;32495,42;34400,23
"08.07.2018 03:18:14.989163";"08.07.2018 03:18:14.989364";-13,58019;-9,440093;-47,46255;-42,40472;55,41279;56,17152;13757,05;18888,25;-47306,27;-46252,48;28418,02;32495,42
"08.07.2018 03:18:14.989364";"08.07.2018 03:18:14.989564";-9,440093;-7,131978;-49,7667;-47,46255;56,17152;56,21141;18888,25;21434,3;-47664,32;-47306,27;26230,02;28418,02
"08.07.2018 03:18:14.989564";"08.07.2018 03:18:14.989765";-7,131978;-4,238382;-51,96145;-49,7667;55,63832;56,21141;21434,3;23574,44;-47751,32;-47664,32;24176,89;26230,02
"08.07.2018 03:18:14.989765";"08.07.2018 03:18:14.989965";-4,238382;3,546155;-55,96903;-51,96145;52,30443;55,63832;23574,44;27229,07;-47751,32;-47449,54;20220,47;24176,89
"08.07.2018 03:18:14.989965";"08.07.2018 03:18:14.990165";3,546155;8,031721;-57,70543;-55,96903;49,82832;52,30443;27229,07;28621,6;-47449,54;-47214,7;18593,09;20220,47
"08.07.2018 03:18:14.990165";"08.07.2018 03:18:14.990366";8,031721;12,42266;-59,22108;-57,70543;47,22432;49,82832;28621,6;29981,6;-47214,7;-46854,7;16873,1;18593,09
"08.07.2018 03:18:14.990366";"08.07.2018 03:18:14.990566";12,42266;16,35595;-60,5121;-59,22108;44,82393;47,22432;29981,6;31412,77;-46854,7;-46335,04;14922,26;16873,1
"08.07.2018 03:18:14.990566";"08.07.2018 03:18:14.990767";16,35595;22,12379;-62,47738;-60,5121;41,32556;44,82393;31412,77;34904,65;-46335,04;-45192,7;10288,04;14922,26
"08.07.2018 03:18:14.990767";"08.07.2018 03:18:14.990967";22,12379;24,06242;-63,15638;-62,47738;40,09944;41,32556;34904,65;36583,02;-45192,7;-44312,84;7729,813;10288,04
"08.07.2018 03:18:14.990967";"08.07.2018 03:18:14.991167";24,06242;25,67919;-63,58983;-63,15638;38,86578;40,09944;36583,02;38274,05;-44312,84;-43462,8;5188,758;7729,813
"08.07.2018 03:18:14.991167";"08.07.2018 03:18:14.991368";25,67919;29,02642;-63,71772;-63,4915;35,10784;38,86578;38274,05;40920,75;-43462,8;-41309,1;388,3474;5188,758
"08.07.2018 03:18:14.991368";"08.07.2018 03:18:14.991568";29,02642;31,08594;-63,4915;-62,91289;32,24642;35,10784;40920,75;42034,67;-41309,1;-40244,04;-1790,631;388,3474
"08.07.2018 03:18:14.991568";"08.07.2018 03:18:14.991769";31,08594;33,42213;-62,91289;-62,06198;28,82534;32,24642;42034,67;42964,27;-40244,04;-39148,7;-3815,576;-1790,631
"08.07.2018 03:18:14.991769";"08.07.2018 03:18:14.991969";33,42213;35,93248;-62,06198;-61,09739;25,1332;28,82534;42964,27;43722,16;-39148,7;-38142,16;-5580,002;-3815,576
"08.07.2018 03:18:14.991969";"08.07.2018 03:18:14.992170";35,93248;40,97776;-61,09739;-59,6171;18,32028;25,1332;43722,16;45130,23;-38142,16;-35229,12;-9901,113;-5580,002
"08.07.2018 03:18:14.992170";"08.07.2018 03:18:14.992370";40,97776;43,35982;-59,6171;-59,37797;15,66315;18,32028;45130,23;45883,68;-35229,12;-33613,87;-12269,81;-9901,113
"08.07.2018 03:18:14.992370";"08.07.2018 03:18:14.992570";43,35982;45,6401;-59,45731;-59,37797;13,50796;15,66315;45883,68;46505,98;-33613,87;-31542,45;-14963,52;-12269,81
"08.07.2018 03:18:14.992570";"08.07.2018 03:18:14.992771";45,6401;50,03834;-59,68904;-59,45731;9,65619;13,50796;46505,98;47573,71;-31542,45;-27535,8;-20037,92;-14963,52
"08.07.2018 03:18:14.992771";"08.07.2018 03:18:14.992971";50,03834;52,18562;-59,68904;-59,22866;7,287996;9,65619;47573,71;47725,7;-27535,8;-25271,84;-22453,87;-20037,92
"08.07.2018 03:18:14.992971";"08.07.2018 03:18:14.993172";52,18562;54,25725;-59,22866;-58,05086;4,304402;7,287996;47725,7;47735,27;-25271,84;-23290,38;-24444,89;-22453,87
"08.07.2018 03:18:14.993172";"08.07.2018 03:18:14.993372";54,25725;56,18975;-58,05086;-56,09599;0,6851825;4,304402;47602,92;47735,27;-23290,38;-21293,41;-26309,51;-24444,89
"08.07.2018 03:18:14.993372";"08.07.2018 03:18:14.993573";56,18975;59,42977;-56,09599;-50,57992;-7,615163;0,6851825;46985,96;47602,92;-21293,41;-17902,93;-29083,04;-26309,51
"08.07.2018 03:18:14.993573";"08.07.2018 03:18:14.993773";59,42977;60,71072;-50,57992;-47,69902;-11,6216;-7,615163;46526,76;46985,96;-17902,93;-15859,19;-30667,58;-29083,04
"08.07.2018 03:18:14.993773";"08.07.2018 03:18:14.993973";60,71072;61,79201;-47,69902;-45,18626;-15,11883;-11,6216;46071,67;46526,76;-15859,19;-13858,68;-32212,99;-30667,58
"08.07.2018 03:18:14.993973";"08.07.2018 03:18:14.994174";61,79201;62,69116;-45,18626;-43,20667;-17,95755;-15,11883;45351,42;46071,67;-13858,68;-11414,29;-33937,13;-32212,99
"08.07.2018 03:18:14.994174";"08.07.2018 03:18:14.994374";62,69116;63,83009;-43,20667;-40,43801;-21,91363;-17,95755;43795,01;45351,42;-11414,29;-6338,327;-37456,69;-33937,13
"08.07.2018 03:18:14.994374";"08.07.2018 03:18:14.994575";63,83009;63,9197;-40,43801;-39,02782;-23,46851;-21,91363;42751,71;43795,01;-6338,327;-3679,688;-39072,02;-37456,69
"08.07.2018 03:18:14.994575";"08.07.2018 03:18:14.994775";63,58517;63,9197;-39,02782;-37,12124;-25,09009;-23,46851;41685,86;42751,71;-3679,688;-1212,853;-40473,01;-39072,02
"08.07.2018 03:18:14.994775";"08.07.2018 03:18:14.994976";61,69868;63,58517;-37,12124;-31,15161;-29,18534;-25,09009;39502,28;41685,86;-1212,853;3146,435;-42648,71;-40473,01
"08.07.2018 03:18:14.994976";"08.07.2018 03:18:14.995176";60,42427;61,69868;-31,15161;-27,29439;-31,7071;-29,18534;38413,88;39502,28;3146,435;5014,449;-43428,33;-42648,71
"08.07.2018 03:18:14.995176";"08.07.2018 03:18:14.995376";59,24222;60,42427;-27,29439;-23,28487;-34,42382;-31,7071;37093,42;38413,88;5014,449;7100,269;-44193,7;-43428,33
"08.07.2018 03:18:14.995376";"08.07.2018 03:18:14.995577";58,38891;59,24222;-23,28487;-19,50582;-37,19456;-34,42382;35671,58;37093,42;7100,269;9350,365;-45021,95;-44193,7
"08.07.2018 03:18:14.995577";"08.07.2018 03:18:14.995777";58,00316;58,38891;-19,50582;-13,54595;-42,44025;-37,19456;31932,24;35671,58;9350,365;14366,58;-46298,82;-45021,95
"08.07.2018 03:18:14.995777";"08.07.2018 03:18:14.995978";58,06352;58,37409;-13,54595;-11,29904;-44,80218;-42,44025;30005,06;31932,24;14366,58;16917,48;-46922,54;-46298,82
"08.07.2018 03:18:14.995978";"08.07.2018 03:18:14.996178";58,37409;58,60991;-11,29904;-9,182898;-46,98611;-44,80218;27940,53;30005,06;16917,48;19366,72;-47307,24;-46922,54
"08.07.2018 03:18:14.996178";"08.07.2018 03:18:14.996379";57,50094;58,60991;-9,182898;-3,962777;-50,91674;-46,98611;23710,72;27940,53;19366,72;24028,84;-47739,56;-47307,24
"08.07.2018 03:18:14.996379";"08.07.2018 03:18:14.996579";55,77411;57,50094;-3,962777;-0,4610993;-52,70228;-50,91674;21697,07;23710,72;24028,84;25894,26;-47739,56;-47591,34
"08.07.2018 03:18:14.996579";"08.07.2018 03:18:14.996779";53,34401;55,77411;-0,4610993;3,563012;-54,37778;-52,70228;19875,88;21697,07;25894,26;27491,88;-47591,34;-47367,77
"08.07.2018 03:18:14.996779";"08.07.2018 03:18:14.996980";50,50806;53,34401;3,563012;7,817639;-55,9413;-54,37778;18159,1;19875,88;27491,88;28842,81;-47367,77;-47001,92
"08.07.2018 03:18:14.996980";"08.07.2018 03:18:14.997180";45,12621;50,50806;7,817639;15,53307;-58,68968;-55,9413;14318,16;18159,1;28842,81;31862,9;-47001,92;-46181,06
"08.07.2018 03:18:14.997180";"08.07.2018 03:18:14.997381";43,11896;45,12621;15,53307;18,44284;-59,81721;-58,68968;11884,51;14318,16;31862,9;33606,26;-46181,06;-45490,77
"08.07.2018 03:18:14.997381";"08.07.2018 03:18:14.997581";41,60135;43,11896;18,44284;20,64378;-60,70402;-59,81721;9286,973;11884,51;33606,26;35462,41;-45490,77;-44749,38
"08.07.2018 03:18:14.997581";"08.07.2018 03:18:14.997781";38,95518;41,60135;20,64378;23,75442;-61,42295;-60,70402;4190,2;9286,973;35462,41;38644,46;-44749,38;-42834,67
"08.07.2018 03:18:14.997781";"08.07.2018 03:18:14.997982";37,10625;38,95518;23,75442;25,28238;-61,42295;-61,1229;1728,139;4190,2;38644,46;40094,46;-42834,67;-41822,6
"08.07.2018 03:18:14.997982";"08.07.2018 03:18:14.998182";34,56335;37,10625;25,28238;27,14429;-61,1229;-60,38492;-507,0372;1728,139;40094,46;41261,65;-41822,6;-40754,63
"08.07.2018 03:18:14.998182";"08.07.2018 03:18:14.998383";31,31675;34,56335;27,14429;29,45155;-60,38492;-59,31626;-2716,995;-507,0372;41261,65;42328,66;-40754,63;-39611,65
"08.07.2018 03:18:14.998383";"08.07.2018 03:18:14.998583";23,69985;31,31675;29,45155;35,16205;-59,31626;-56,99697;-6635,207;-2716,995;42328,66;44026,36;-39611,65;-37391,15
"08.07.2018 03:18:14.998583";"08.07.2018 03:18:14.998784";20,0669;23,69985;35,16205;38,23951;-56,99697;-56,20418;-8726,176;-6635,207;44026,36;44740,15;-37391,15;-36013,98
"08.07.2018 03:18:14.998784";"08.07.2018 03:18:14.998984";16,94771;20,0669;38,23951;41,23954;-56,20418;-55,86282;-11039,84;-8726,176;44740,15;45454,04;-36013,98;-34414,18
"08.07.2018 03:18:14.998984";"08.07.2018 03:18:14.999184";12,29151;16,94771;41,23954;46,6801;-56,34757;-55,86282;-16312;-11039,84;45454,04;46808,04;-34414,18;-30496,04
"08.07.2018 03:18:14.999184";"08.07.2018 03:18:14.999385";10,26873;12,29151;46,6801;49,11984;-56,72395;-56,34757;-18860,34;-16312;46808,04;47292,31;-30496,04;-28431,98
"08.07.2018 03:18:14.999385";"08.07.2018 03:18:14.999585";7,960618;10,26873;49,11984;51,42398;-56,76384;-56,72395;-21406,39;-18860,34;47292,31;47650,36;-28431,98;-26243,97
"08.07.2018 03:18:14.999585";"08.07.2018 03:18:14.999786";5,067023;7,960618;51,42398;53,61873;-56,76384;-56,19075;-23546,53;-21406,39;47650,36;47737,36;-26243,97;-24190,84
"08.07.2018 03:18:14.999786";"08.07.2018 03:18:14.999986";-2,717514;5,067023;53,61873;57,62631;-56,19075;-52,85686;-27201,17;-23546,53;47435,58;47737,36;-24190,84;-20234,42
"08.07.2018 03:18:14.999986";"08.07.2018 03:18:15.000187";-7,203081;-2,717514;57,62631;59,36271;-52,85686;-50,38074;-28593,69;-27201,17;47200,74;47435,58;-20234,42;-18607,04
"08.07.2018 03:18:15.000187";"08.07.2018 03:18:15.000387";-11,59401;-7,203081;59,36271;60,87836;-50,38074;-47,77674;-29953,7;-28593,69;46840,75;47200,74;-18607,04;-16887,06
"08.07.2018 03:18:15.000387";"08.07.2018 03:18:15.000587";-18,77399;-11,59401;60,87836;63,25032;-47,77674;-43,39877;-33079,76;-29953,7;45894,57;46840,75;-16887,06;-12814,82
"08.07.2018 03:18:15.000587";"08.07.2018 03:18:15.000788";-21,29515;-18,77399;63,25032;64,13467;-43,39877;-41,87799;-34876,74;-33079,76;45178,74;45894,57;-12814,82;-10301,99
"08.07.2018 03:18:15.000788";"08.07.2018 03:18:15.000988";-23,23378;-21,29515;64,13467;64,81367;-41,87799;-40,65187;-36555,12;-34876,74;44298,88;45178,74;-10301,99;-7743,767
"08.07.2018 03:18:15.000988";"08.07.2018 03:18:15.001189";-24,85055;-23,23378;64,81367;65,24712;-40,65187;-39,41821;-38246,14;-36555,12;43448,85;44298,88;-7743,767;-5202,711
"08.07.2018 03:18:15.001189";"08.07.2018 03:18:15.001389";-28,19778;-24,85055;65,14879;65,37501;-39,41821;-35,66026;-40892,84;-38246,14;41295,14;43448,85;-5202,711;-402,3012
"08.07.2018 03:18:15.001389";"08.07.2018 03:18:15.001590";-30,2573;-28,19778;64,57018;65,14879;-35,66026;-32,79885;-42006,76;-40892,84;40230,08;41295,14;-402,3012;1776,677
"08.07.2018 03:18:15.001590";"08.07.2018 03:18:15.001790";-32,59349;-30,2573;63,71926;64,57018;-32,79885;-29,37777;-42936,36;-42006,76;39134,74;40230,08;1776,677;3801,623
"08.07.2018 03:18:15.001790";"08.07.2018 03:18:15.001990";-37,65734;-32,59349;61,87869;63,71926;-29,37777;-22,0811;-44369,88;-42936,36;36715,23;39134,74;3801,623;7654,652
"08.07.2018 03:18:15.001990";"08.07.2018 03:18:15.002191";-40,14912;-37,65734;61,27438;61,87869;-22,0811;-18,8727;-45102,32;-44369,88;35215,16;36715,23;7654,652;9887,159
"08.07.2018 03:18:15.002191";"08.07.2018 03:18:15.002391";-42,53118;-40,14912;61,03526;61,27438;-18,8727;-16,21558;-45855,77;-45102,32;33599,91;35215,16;9887,159;12255,86
"08.07.2018 03:18:15.002391";"08.07.2018 03:18:15.002592";-44,81145;-42,53118;61,03526;61,11459;-16,21558;-14,06039;-46478,07;-45855,77;31528,5;33599,91;12255,86;14949,56
"08.07.2018 03:18:15.002592";"08.07.2018 03:18:15.002792";-49,2097;-44,81145;61,11459;61,34633;-14,06039;-10,20862;-47545,8;-46478,07;27521,85;31528,5;14949,56;20023,96
"08.07.2018 03:18:15.002792";"08.07.2018 03:18:15.002992";-51,35698;-49,2097;60,88594;61,34633;-10,20862;-7,840423;-47697,79;-47545,8;25257,88;27521,85;20023,96;22439,92
"08.07.2018 03:18:15.002992";"08.07.2018 03:18:15.003193";-53,42861;-51,35698;59,70814;60,88594;-7,840423;-4,856829;-47707,36;-47697,79;23276,43;25257,88;22439,92;24430,93
"08.07.2018 03:18:15.003193";"08.07.2018 03:18:15.003393";-55,36111;-53,42861;57,75327;59,70814;-4,856829;-1,23761;-47707,36;-47575,01;21279,46;23276,43;24430,93;26295,56
"08.07.2018 03:18:15.003393";"08.07.2018 03:18:15.003594";-58,60113;-55,36111;52,23721;57,75327;-1,23761;7,062736;-47575,01;-46958,05;17888,97;21279,46;26295,56;29069,08
"08.07.2018 03:18:15.003594";"08.07.2018 03:18:15.003794";-59,88208;-58,60113;49,3563;52,23721;7,062736;11,06918;-46958,05;-46498,86;15845,24;17888,97;29069,08;30653,63
"08.07.2018 03:18:15.003794";"08.07.2018 03:18:15.003995";-60,96337;-59,88208;46,84354;49,3563;11,06918;14,5664;-46498,86;-46043,76;13844,73;15845,24;30653,63;32199,03
"08.07.2018 03:18:15.003995";"08.07.2018 03:18:15.004195";-91,5648;-60,96337;-6,076691;46,84354;14,5664;82,44975;-46043,76;-39175,31;6007,114;13844,73;32199,03;33923,17
"08.07.2018 03:18:15.004195";"08.07.2018 03:18:15.004395";-91,5648;-76,8393;-6,076691;30,29671;12,66753;82,44975;-42440,56;-39175,31;5809,725;6007,114;33168,2;36630,84
"08.07.2018 03:18:15.004395";"08.07.2018 03:18:15.004596";-76,8393;-66,03781;30,29671;48,73172;12,66753;13,27308;-43164,72;-42440,56;3941,81;5809,725;36630,84;39222,9
"08.07.2018 03:18:15.004596";"08.07.2018 03:18:15.004796";-66,03781;-59,58007;47,22665;48,73172;13,27308;32,51413;-43164,72;-42556,57;1838,089;3941,81;39222,9;40718,49
"08.07.2018 03:18:15.004796";"08.07.2018 03:18:15.004997";-59,58007;-56,74197;28,75373;47,22665;23,14238;32,51413;-42556,57;-38953,98;-3503,697;1838,089;40718,49;42457,68
"08.07.2018 03:18:15.004997";"08.07.2018 03:18:15.005197";-57,63182;-56,74197;26,41643;28,75373;23,14238;32,32764;-38953,98;-38454,79;-4955,507;-3503,697;42457,68;43410,29
"08.07.2018 03:18:15.005197";"08.07.2018 03:18:15.005398";-58,38687;-57,63182;25,3985;26,41643;32,32764;37,77497;-38454,79;-37129,67;-7105,664;-4955,507;43410,29;44235,33
"08.07.2018 03:18:15.005398";"08.07.2018 03:18:15.005598";-58,42013;-57,77526;17,43372;25,3985;34,84482;37,77497;-37129,67;-34047,9;-11542;-7105,664;44235,33;45589,9
"08.07.2018 03:18:15.005598";"08.07.2018 03:18:15.005798";-57,77526;-56,90018;14,31786;17,43372;37,44894;43,54639;-34047,9;-31468,62;-14689,56;-11542;45589,9;46158,17
"08.07.2018 03:18:15.005798";"08.07.2018 03:18:15.005999";-56,90018;-56,28799;13,05763;14,31786;43,54639;43,72835;-31468,62;-29878,16;-16901,1;-14689,56;46158,17;46779,26
"08.07.2018 03:18:15.005999";"08.07.2018 03:18:15.006199";-56,28799;-56,15639;11,6375;13,05763;43,30742;43,72835;-29878,16;-27861,72;-19234,81;-16901,1;46779,26;47096,53
"08.07.2018 03:18:15.006199";"08.07.2018 03:18:15.006400";-56,30824;-56,15639;5,72098;11,6375;43,30742;51,18953;-27861,72;-24043,05;-23794,93;-19234,81;47096,53;47837,97
"08.07.2018 03:18:15.006400";"08.07.2018 03:18:15.006600";-56,22417;-55,33032;3,330023;5,72098;51,14368;51,18953;-24043,05;-21597,6;-26140,17;-23794,93;47737,77;47837,97
"08.07.2018 03:18:15.006600";"08.07.2018 03:18:15.006801";-55,33032;-53,30458;0,9256291;3,330023;51,14368;52,05533;-21597,6;-19687,7;-27876,61;-26140,17;47564,3;47737,77
"08.07.2018 03:18:15.006801";"08.07.2018 03:18:15.007001";-53,30458;-46,7782;-9,571591;0,9256291;52,05533;57,05273;-19687,7;-15873,24;-30702,96;-27876,61;46576,2;47564,3
"08.07.2018 03:18:15.007001";"08.07.2018 03:18:15.007201";-46,7782;-43,58509;-15,80715;-9,571591;57,05273;59,31633;-15873,24;-14393,93;-32019,46;-30702,96;46413,39;46576,2
"08.07.2018 03:18:15.007201";"08.07.2018 03:18:15.007402";-43,58509;-41,3153;-19,43429;-15,80715;59,31633;60,97573;-14393,93;-12045,77;-33767,3;-32019,46;45813,07;46413,39
"08.07.2018 03:18:15.007402";"08.07.2018 03:18:15.007602";-41,3153;-40,1692;-19,96147;-19,43429;60,97573;61,18531;-12045,77;-9205,183;-35836,35;-33767,3;45041,53;45813,07
"08.07.2018 03:18:15.007602";"08.07.2018 03:18:15.007803";-40,1692;-39,4687;-20,31963;-19,3964;60,85298;61,18531;-9205,183;-3865,627;-38733,04;-35836,35;42598,67;45041,53
"08.07.2018 03:18:15.007803";"08.07.2018 03:18:15.008003";-39,4687;-38,28813;-23,55208;-20,31963;60,37502;60,85298;-3865,627;-1507,722;-40226,94;-38733,04;41734,66;42598,67
"08.07.2018 03:18:15.008003";"08.07.2018 03:18:15.008204";-38,28813;-35,66316;-27,55214;-23,55208;60,31971;60,37502;-1507,722;538,8444;-41179,45;-40226,94;40640,6;41734,66
"08.07.2018 03:18:15.008204";"08.07.2018 03:18:15.008404";-35,66316;-26,40503;-30,5389;-27,55214;57,40718;60,31971;538,8444;4732,498;-43359,79;-41179,45;38627,29;40640,6
"08.07.2018 03:18:15.008404";"08.07.2018 03:18:15.008604";-26,40503;-21,20321;-30,84083;-30,5389;56,01317;57,40718;4732,498;6578,003;-43967,42;-43359,79;37389,41;38627,29
"08.07.2018 03:18:15.008604";"08.07.2018 03:18:15.008805";-21,20321;-16,85296;-33,39155;-30,84083;56,01317;56,85903;6578,003;8697,787;-44973,6;-43967,42;36275,8;37389,41
"08.07.2018 03:18:15.008805";"08.07.2018 03:18:15.009005";-16,85296;-13,91668;-38,3836;-33,39155;55,89359;56,85903;8697,787;10874,63;-45552,91;-44973,6;34678,29;36275,8
"08.07.2018 03:18:15.009005";"08.07.2018 03:18:15.009206";-13,91668;-11,46286;-45,29903;-38,3836;53,44912;55,89359;10874,63;16556,19;-46668,5;-45552,91;30112,31;34678,29
"08.07.2018 03:18:15.009206";"08.07.2018 03:18:15.009406";-11,46286;-10,23422;-45,29903;-44,51281;54,82839;57,26664;16556,19;18963,71;-46668,5;-46231,21;27267,5;30112,31
"08.07.2018 03:18:15.009406";"08.07.2018 03:18:15.009606";-10,23422;-7,629136;-44,51281;-43,44748;53,79733;57,26664;18963,71;21496,73;-46231,21;-46014,68;24517,94;27267,5
"08.07.2018 03:18:15.009606";"08.07.2018 03:18:15.009807";-7,629136;3,629771;-45,56207;-43,44748;42,02496;53,79733;21496,73;25522,67;-46014,68;-44459,49;18936,82;24517,94
"08.07.2018 03:18:15.009807";"08.07.2018 03:18:15.010007";3,629771;11,72552;-45,56207;-45,43465;34,22837;42,02496;25522,67;27419,42;-44459,49;-43892,51;16473,1;18936,82
"08.07.2018 03:18:15.010007";"08.07.2018 03:18:15.010208";11,72552;20,33926;-45,43465;-42,63559;22,56341;34,22837;27419,42;28790,43;-43892,51;-42747,59;13957,16;16473,1
"08.07.2018 03:18:15.010208";"08.07.2018 03:18:15.010408";20,33926;28,53219;-42,63559;-38,49694;12,88367;22,56341;28790,43;30162,01;-42747,59;-41389,01;11227;13957,16
"08.07.2018 03:18:15.010408";"08.07.2018 03:18:15.010609";28,53219;41,62549;-38,49694;-31,76719;-7,719579;12,88367;30162,01;34275,02;-41389,01;-39496,39;5221,36;11227
"08.07.2018 03:18:15.010609";"08.07.2018 03:18:15.010809";41,62549;46,63776;-31,76719;-28,10999;-18,67258;-7,719579;34275,02;36263,86;-39496,39;-38695,16;2431,305;5221,36
"08.07.2018 03:18:15.010809";"08.07.2018 03:18:15.011009";46,63776;51,17251;-28,10999;-23,00207;-25,73867;-18,67258;36263,86;37916,34;-38695,16;-37943,69;27,34221;2431,305
"08.07.2018 03:18:15.011009";"08.07.2018 03:18:15.011210";51,17251;59,90181;-23,00207;-10,18434;-50,48497;-25,73867;37916,34;39184,89;-37943,69;-35443,78;-3741,113;27,34221
"08.07.2018 03:18:15.011210";"08.07.2018 03:18:15.011410";59,90181;63,74714;-10,18434;-3,439545;-60,06707;-50,48497;39053,07;39184,89;-35443,78;-33945,22;-5107,837;-3741,113
"08.07.2018 03:18:15.011410";"08.07.2018 03:18:15.011611";63,74714;66,46111;-3,439545;3,568036;-66,33891;-60,06707;38344,66;39053,07;-33945,22;-32089;-6255,658;-5107,837
"08.07.2018 03:18:15.011611";"08.07.2018 03:18:15.011811";66,46111;67,34106;3,568036;11,00255;-76,06689;-66,33891;38243,12;38344,66;-32089;-31001,49;-7241,623;-6255,658
"08.07.2018 03:18:15.011811";"08.07.2018 03:18:15.012012";62,098;67,34106;11,00255;29,36162;-88,01998;-76,06689;36721,43;38243,12;-31001,49;-26673,03;-10048,4;-7241,623
"08.07.2018 03:18:15.012012";"08.07.2018 03:18:15.012212";56,27264;62,098;29,36162;41,38277;-93,82769;-88,01998;36298,06;36721,43;-26673,03;-24840,55;-11457,52;-10048,4
"08.07.2018 03:18:15.012212";"08.07.2018 03:18:15.012412";49,10835;56,27264;41,38277;54,282;-103,0825;-93,82769;34840,28;36298,06;-24840,55;-21993,17;-12847,11;-11457,52
"08.07.2018 03:18:15.012412";"08.07.2018 03:18:15.012613";41,36201;49,10835;54,282;66,48183;-107,73;-103,0825;34119,74;34840,28;-21993,17;-20122,94;-13996,81;-12847,11
"08.07.2018 03:18:15.012613";"08.07.2018 03:18:15.012813";26,26215;41,36201;66,48183;90,18797;-118,6678;-107,73;33370,47;34119,74;-20122,94;-15805,9;-17564,57;-13996,81
"08.07.2018 03:18:15.012813";"08.07.2018 03:18:15.013014";19,21117;26,26215;90,18797;104,588;-125,8622;-118,6678;33370,47;34192,4;-15805,9;-14675,29;-19517,11;-17564,57
"08.07.2018 03:18:15.013014";"08.07.2018 03:18:15.013214";12,24975;19,21117;104,588;119,8086;-127,1479;-125,8622;34066,45;34192,4;-14675,29;-12471,7;-21594,75;-19517,11
"08.07.2018 03:18:15.013214";"08.07.2018 03:18:15.013415";-2,606724;12,24975;119,8086;144,081;-138,7777;-127,1479;33983,01;34066,45;-12471,7;-9210,649;-24837,87;-21594,75
"08.07.2018 03:18:15.013415";"08.07.2018 03:18:15.013615";-10,84824;-2,606724;144,081;154,2429;-142,1762;-138,7777;32877,23;34048,51;-9210,649;-6686,994;-26190,23;-24837,87
"08.07.2018 03:18:15.013615";"08.07.2018 03:18:15.013815";-19,60472;-10,84824;154,2429;165,7884;-143,0152;-142,1762;32537,65;32877,23;-6686,994;-5491,906;-27045,75;-26190,23
"08.07.2018 03:18:15.013815";"08.07.2018 03:18:15.014016";-28,71902;-19,60472;165,7884;178,1948;-148,0843;-143,0152;32167,91;32537,65;-5491,906;-4155,473;-28012,44;-27045,75
"08.07.2018 03:18:15.014016";"08.07.2018 03:18:15.014216";-47,37064;-28,71902;178,1948;197,7689;-151,3711;-148,0843;31508,85;32167,91;-4155,473;-2030,279;-29819,28;-28012,44
"08.07.2018 03:18:15.014216";"08.07.2018 03:18:15.014417";-56,71783;-47,37064;197,7689;205,4196;-148,4648;-147,5529;31221,09;31849,56;-2030,279;-462,0164;-30759,08;-29819,28
"08.07.2018 03:18:15.014417";"08.07.2018 03:18:15.014617";-66,047;-56,71783;205,4196;213,6126;-149,5996;-147,5529;30521,54;31221,09;-462,0164;762,0862;-31283,61;-30759,08
"08.07.2018 03:18:15.014617";"08.07.2018 03:18:15.014818";-84,65957;-66,047;213,6126;228,0043;-149,5996;-141,055;28320,02;30521,54;762,0862;3881,589;-32201,6;-31283,61
"08.07.2018 03:18:15.014818";"08.07.2018 03:18:15.015018";-93,91804;-84,65957;228,0043;232,6193;-141,055;-140,6177;27629,43;28320,02;3881,589;4880,149;-32509,58;-32201,6
"08.07.2018 03:18:15.015018";"08.07.2018 03:18:15.015218";-103,1161;-93,91804;232,6193;237,4979;-140,6177;-138,0534;26675,01;27629,43;4880,149;6385,747;-33060,76;-32509,58
"08.07.2018 03:18:15.015218";"08.07.2018 03:18:15.015419";-112,2426;-103,1161;237,4979;243,6412;-138,0534;-128,997;25389,05;26675,01;6385,747;8172,094;-33561,14;-33060,76
"08.07.2018 03:18:15.015419";"08.07.2018 03:18:15.015619";-130,2481;-112,2426;243,6412;251,9717;-128,997;-120,0966;24341,85;25389,05;8172,094;10536,22;-34878,07;-33561,14
"08.07.2018 03:18:15.015619";"08.07.2018 03:18:15.015820";-139,0373;-130,2481;251,7619;251,9717;-120,0966;-112,5102;23606,13;24341,85;10536,22;11836,76;-35442,88;-34878,07
"08.07.2018 03:18:15.015820";"08.07.2018 03:18:15.016020";-147,5247;-139,0373;251,3432;251,7619;-112,5102;-102,8434;22961,69;23606,13;11836,76;12803;-35764,69;-35442,88
"08.07.2018 03:18:15.016020";"08.07.2018 03:18:15.016220";-162,8597;-147,5247;251,3432;254,3387;-102,8434;-93,40264;20322,39;22961,69;12803;15540,73;-35963,82;-35764,69
"08.07.2018 03:18:15.016220";"08.07.2018 03:18:15.016421";-169,4338;-162,8597;253,7656;254,3387;-93,40264;-82,00449;19112,84;20322,39;15540,73;16941,63;-36054,46;-35863,13
"08.07.2018 03:18:15.016421";"08.07.2018 03:18:15.016621";-175,296;-169,4338;250,1164;253,7656;-82,00449;-72,47665;17571,63;19112,84;16941,63;18502,61;-36074,23;-36054,46
"08.07.2018 03:18:15.016621";"08.07.2018 03:18:15.016822";-180,6483;-175,296;245,4569;250,1164;-72,47665;-66,69466;16464,37;17571,63;18502,61;19267,11;-36074,23;-35731,48
"08.07.2018 03:18:15.016822";"08.07.2018 03:18:15.017022";-191,0116;-180,6483;241,0133;245,4569;-66,69466;-46,78799;12739,01;16464,37;19267,11;22500,68;-35731,48;-35239,68
"08.07.2018 03:18:15.017022";"08.07.2018 03:18:15.017223";-196,474;-191,0116;240,2049;241,0133;-46,78799;-41,75413;11181,91;12739,01;22500,68;23897,71;-35239,68;-35079,62
"08.07.2018 03:18:15.017223";"08.07.2018 03:18:15.017423";-202,1415;-196,474;238,3873;240,2049;-41,75413;-36,34726;8840,64;11181,91;23897,71;26241,45;-35082,09;-35079,62
"08.07.2018 03:18:15.017423";"08.07.2018 03:18:15.017623";-213,1053;-202,1415;231,241;238,3873;-36,34726;-18,29962;4962,044;8840,64;26241,45;29307,17;-35082,09;-34269,21
"08.07.2018 03:18:15.017623";"08.07.2018 03:18:15.017824";-217,8249;-213,1053;227,154;231,241;-18,29962;-13,64956;2992,268;4962,044;29307,17;30739,77;-34269,21;-33732,04
"08.07.2018 03:18:15.017824";"08.07.2018 03:18:15.018024";-221,8712;-217,8249;223,6897;227,154;-13,64956;-5,325237;1623,489;2992,268;30739,77;31356,39;-33732,04;-32979,89
"08.07.2018 03:18:15.018024";"08.07.2018 03:18:15.018225";-225,4008;-221,8712;221,2005;223,6897;-5,325237;4,277161;-233,0176;1623,489;31356,39;32665,17;-32979,89;-32432,16
"08.07.2018 03:18:15.018225";"08.07.2018 03:18:15.018425";-232,2772;-225,4008;216,4655;221,2005;4,277161;15,45878;-3672,571;-233,0176;32665,17;34094,96;-32432,16;-30422,38
"08.07.2018 03:18:15.018425";"08.07.2018 03:18:15.018626";-236,2023;-232,2772;212,5494;216,4655;15,45878;25,85225;-5676,962;-3672,571;34094,96;35218,93;-30422,38;-29541,95
"08.07.2018 03:18:15.018626";"08.07.2018 03:18:15.018826";-240,4639;-236,2023;208,2152;212,5494;25,85225;34,09641;-7172,009;-5676,962;35218,93;35378,16;-29541,95;-28206,14
"08.07.2018 03:18:15.018826";"08.07.2018 03:18:15.019026";-248,4569;-240,4639;201,4682;208,2152;34,09641;45,27018;-11145,66;-7172,009;35378,16;36631;-28206,14;-25485,33
"08.07.2018 03:18:15.019026";"08.07.2018 03:18:15.019227";-251,2163;-248,4569;197,2165;201,4682;45,27018;53,72355;-12718,9;-11145,66;36631;36635,71;-25485,33;-23916,82
"08.07.2018 03:18:15.019227";"08.07.2018 03:18:15.019427";-252,7816;-251,2163;190,6611;197,2165;53,72355;59,59336;-14554,43;-12718,9;36635,71;37219,07;-23916,82;-22664,63
"08.07.2018 03:18:15.019427";"08.07.2018 03:18:15.019628";-253,2998;-252,7816;182,6106;190,6611;59,59336;65,75386;-16208,63;-14554,43;37128,32;37219,07;-22664,63;-20919,68
"08.07.2018 03:18:15.019628";"08.07.2018 03:18:15.019828";-253,2998;-253,2032;169,0244;182,6106;65,75386;83,37978;-20468,78;-16208,63;37128,32;37764,82;-20919,68;-17296,03
"08.07.2018 03:18:15.019828";"08.07.2018 03:18:15.020029";-253,677;-253,2032;163,6351;169,0244;83,37978;89,77008;-22045,28;-20468,78;37497,93;37764,82;-17296,03;-15452,66
"08.07.2018 03:18:15.020029";"08.07.2018 03:18:15.020229";-254,8047;-253,677;157,3662;163,6351;89,77008;97,51635;-23715,21;-22045,28;37497,93;37689,37;-15452,66;-13974,16
"08.07.2018 03:18:15.020229";"08.07.2018 03:18:15.020429";-257,5798;-254,8047;141,3279;157,3662;97,51635;114,963;-26082,89;-23715,21;36205,71;37689,37;-13974,16;-10122,83
"08.07.2018 03:18:15.020429";"08.07.2018 03:18:15.020630";-257,9265;-257,5798;133,0815;141,3279;114,963;122,037;-27796,57;-26082,89;35919,16;36205,71;-10122,83;-8122,592
"08.07.2018 03:18:15.020630";"08.07.2018 03:18:15.020830";-257,9265;-256,8512;125,0254;133,0815;122,037;128,7867;-28938,59;-27796,57;34897,86;35919,16;-8122,592;-5959,273
"08.07.2018 03:18:15.020830";"08.07.2018 03:18:15.021031";-256,8512;-254,2618;116,5454;125,0254;128,7867;135,7204;-30364,27;-28938,59;34357,82;34897,86;-5959,273;-3993,548
"08.07.2018 03:18:15.021031";"08.07.2018 03:18:15.021231";-254,2618;-246,2201;96,2315;116,5454;135,7204;149,7386;-32334,91;-30364,27;32543,69;34357,82;-3993,548;-208,7774
"08.07.2018 03:18:15.021231";"08.07.2018 03:18:15.021431";-246,2201;-242,0403;84,88827;96,2315;149,7386;155,496;-33663,37;-32334,91;32177,99;32543,69;-208,7774;1485,379
"08.07.2018 03:18:15.021431";"08.07.2018 03:18:15.021632";-242,0403;-238,3271;73,98402;84,88827;155,496;162,854;-34167,38;-33663,37;31228,95;32177,99;1485,379;2938,43
"08.07.2018 03:18:15.021632";"08.07.2018 03:18:15.021832";-238,3271;-235,0027;64,12755;73,98402;162,854;170,8082;-35047,7;-34167,38;30429,39;31228,95;2938,43;4618,308
"08.07.2018 03:18:15.021832";"08.07.2018 03:18:15.022033";-235,0027;-227,4694;45,4892;64,12755;170,8082;180,4277;-35987,59;-35047,7;27531,12;30429,39;4618,308;8456,477
"08.07.2018 03:18:15.022033";"08.07.2018 03:18:15.022233";-227,4694;-222,141;35,58062;45,4892;180,4277;186,0509;-36910,25;-35987,59;26181,89;27531,12;8456,477;10728,36
"08.07.2018 03:18:15.022233";"08.07.2018 03:18:15.022434";-222,141;-215,5362;25,8435;35,58062;186,0509;188,211;-37125,02;-36910,25;24545,52;26181,89;10728,36;12579,5
"08.07.2018 03:18:15.022434";"08.07.2018 03:18:15.022634";-215,5362;-200,442;7,191116;25,8435;188,211;194,2335;-37320,55;-37125,02;21277,66;24545,52;12579,5;16042,89
"08.07.2018 03:18:15.022634";"08.07.2018 03:18:15.022834";-200,442;-193,3806;-3,074225;7,191116;194,2335;200,2022;-37320,55;-36369,82;19045,52;21277,66;16042,89;17324,3
"08.07.2018 03:18:15.022834";"08.07.2018 03:18:15.023035";-193,3806;-187,183;-13,04407;-3,074225;197,3183;200,2022;-36369,82;-36010,53;17210,8;19045,52;17324,3;18799,72
"08.07.2018 03:18:15.023035";"08.07.2018 03:18:15.023235";-187,183;-181,5171;-20,91359;-13,04407;197,0027;197,3183;-36010,53;-35821,11;15820,79;17210,8;18799,72;20000,32
"08.07.2018 03:18:15.023235";"08.07.2018 03:18:15.023436";-181,5171;-167,6606;-37,09058;-20,91359;197,0027;206,3691;-35821,11;-35501,22;12852,91;15820,79;20000,32;22927,37
"08.07.2018 03:18:15.023436";"08.07.2018 03:18:15.023636";-167,6606;-157,0989;-51,80486;-37,09058;193,1911;205,6298;-35780,26;-34628,22;10793,59;12852,91;22927,37;23834,63
"08.07.2018 03:18:15.023636";"08.07.2018 03:18:15.023837";-157,0989;-143,2964;-65,69502;-51,80486;193,1911;200,702;-34628,22;-33481,28;8457,092;10793,59;23834,63;25024,19
"08.07.2018 03:18:15.023837";"08.07.2018 03:18:15.024037";-143,2964;-108,8485;-66,01839;-44,19864;178,9939;217,3007;-35414,12;-33481,28;6143,249;8457,092;25024,19;29270,87
"08.07.2018 03:18:15.024037";"08.07.2018 03:18:15.024237";-108,8485;-98,33204;-87,97402;-44,19864;178,9939;185,7536;-35414,12;-32861,21;4158,235;6143,249;28702,98;29270,87
"08.07.2018 03:18:15.024237";"08.07.2018 03:18:15.024438";-98,33204;-94,88214;-90,24203;-87,97402;185,5333;185,7536;-32861,21;-32302,95;2312,248;4158,235;28702,98;29990,7
"08.07.2018 03:18:15.024438";"08.07.2018 03:18:15.024638";-94,88214;-90,73365;-96,21594;-90,24203;184,5024;185,5333;-32302,95;-31474,68;485,7477;2312,248;29990,7;30988,93
"08.07.2018 03:18:15.024638";"08.07.2018 03:18:15.024839";-90,73365;-79,44173;-110,8621;-96,21594;181,2073;184,5024;-31474,68;-29411,34;-3039,768;485,7477;30988,93;32451,1
"08.07.2018 03:18:15.024839";"08.07.2018 03:18:15.025039";-79,44173;-72,21846;-112,9292;-110,8621;179,2281;181,2073;-29411,34;-28447,14;-4618,321;-3039,768;32451,1;33065,46
"08.07.2018 03:18:15.025039";"08.07.2018 03:18:15.025240";-72,21846;-64,13317;-113,8003;-112,9292;176,7886;179,2281;-28447,14;-27384,53;-6214,629;-4618,321;33065,46;33599,16
"08.07.2018 03:18:15.025240";"08.07.2018 03:18:15.025440";-64,13317;-46,46218;-123,9896;-113,8003;169,4269;176,7886;-27384,53;-25031,52;-9403,023;-6214,629;33599,16;34434,54
"08.07.2018 03:18:15.025440";"08.07.2018 03:18:15.025640";-46,46218;-37,42646;-129,5251;-123,9896;164,4855;169,4269;-25031,52;-23805,8;-11037,16;-9403,023;34434,54;34842,96
"08.07.2018 03:18:15.025640";"08.07.2018 03:18:15.025841";-37,42646;-28,53274;-131,3286;-129,5251;159,0575;164,4855;-23805,8;-22517,15;-12705,71;-11037,16;34842,96;35222,86
"08.07.2018 03:18:15.025841";"08.07.2018 03:18:15.026041";-28,53274;-19,88824;-131,3286;-130,7147;153,4091;159,0575;-22517,15;-21368,9;-14253,85;-12705,71;35222,86;35622,74
"08.07.2018 03:18:15.026041";"08.07.2018 03:18:15.026242";-19,88824;-3,453884;-133,294;-130,7147;141,4164;153,4091;-21368,9;-18752,27;-17147,76;-14253,85;35622,74;35900,04
"08.07.2018 03:18:15.026242";"08.07.2018 03:18:15.026442";-3,453884;4,360193;-136,0001;-133,294;134,6801;141,4164;-18752,27;-17374,44;-18551,81;-17147,76;35900,04;35926,25
"08.07.2018 03:18:15.026442";"08.07.2018 03:18:15.026643";4,360193;11,92331;-137,0536;-136,0001;127,3134;134,6801;-17374,44;-16018,29;-19830;-18551,81;35848,28;35926,25
"08.07.2018 03:18:15.026643";"08.07.2018 03:18:15.026843";11,92331;26,27673;-137,0536;-135,4236;111,5059;127,3134;-16018,29;-13036,59;-22256,29;-19830;35292,88;35848,28
"08.07.2018 03:18:15.026843";"08.07.2018 03:18:15.027043";26,27673;33,04814;-135,4236;-134,905;103,6128;111,5059;-13036,59;-11388,76;-23360,76;-22256,29;34749,51;35292,88
"08.07.2018 03:18:15.027043";"08.07.2018 03:18:15.027244";33,04814;39,55376;-134,905;-134,463;95,84226;103,6128;-11388,76;-9849,332;-24474,48;-23360,76;34323,81;34749,51
"08.07.2018 03:18:15.027244";"08.07.2018 03:18:15.027444";39,55376;45,81779;-134,463;-133,4191;88,03223;95,84226;-9849,332;-8208,922;-25711,75;-24474,48;33920,68;34323,81
"08.07.2018 03:18:15.027444";"08.07.2018 03:18:15.027645";45,81779;57,75296;-133,4191;-129,0491;71,54652;88,03223;-8208,922;-4872,135;-28070,3;-25711,75;32942,43;33920,68
"08.07.2018 03:18:15.027645";"08.07.2018 03:18:15.027845";57,75296;63,46391;-129,0491;-125,808;62,83989;71,54652;-4872,135;-3124,255;-29114,04;-28070,3;32238,29;32942,43
"08.07.2018 03:18:15.027845";"08.07.2018 03:18:15.028045";63,46391;68,9887;-125,808;-121,9249;54,02946;62,83989;-3124,255;-1408,934;-30069,72;-29114,04;31478,64;32238,29
"08.07.2018 03:18:15.028045";"08.07.2018 03:18:15.028246";68,9887;79,27758;-121,9249;-113,946;36,64975;54,02946;-1408,934;1666,259;-31584,47;-30069,72;29918,21;31478,64
"08.07.2018 03:18:15.028246";"08.07.2018 03:18:15.028446";79,27758;83,91365;-113,946;-110,3697;28,12206;36,64975;1666,259;3252,239;-32337,25;-31584,47;29085;29918,21
"08.07.2018 03:18:15.028446";"08.07.2018 03:18:15.028647";83,91365;88,13813;-110,3697;-106,6125;19,67153;28,12206;3252,239;4962,356;-33032,58;-32337,25;28070,22;29085
"08.07.2018 03:18:15.028647";"08.07.2018 03:18:15.028847";88,13813;91,92086;-106,6125;-102,147;11,33519;19,67153;4962,356;6736,964;-33632,24;-33032,58;26895,28;28070,22
"08.07.2018 03:18:15.028847";"08.07.2018 03:18:15.029048";91,92086;98,12563;-102,147;-90,77609;-4,670028;11,33519;6736,964;10324,01;-34806,77;-33632,24;24482,76;26895,28
"08.07.2018 03:18:15.029048";"08.07.2018 03:18:15.029248";98,12563;100,5417;-90,77609;-84,65946;-12,2915;-4,670028;10324,01;12097,95;-35219,41;-34806,77;23121,45;24482,76
"08.07.2018 03:18:15.029248";"08.07.2018 03:18:15.029448";100,5417;102,4852;-84,65946;-78,96233;-19,75763;-12,2915;12097,95;13779,29;-35523,48;-35219,41;21744,2;23121,45
"08.07.2018 03:18:15.029448";"08.07.2018 03:18:15.029649";102,4852;104,871;-78,96233;-67,88424;-34,54677;-19,75763;13779,29;17064,93;-35919,36;-35523,48;18854,43;21744,2
"08.07.2018 03:18:15.029649";"08.07.2018 03:18:15.029849";104,871;105,2956;-67,88424;-60,85314;-41,85606;-34,54677;17064,93;18560,72;-35919,36;-35903,62;17342,89;18854,43
"08.07.2018 03:18:15.029849";"08.07.2018 03:18:15.030050";105,241;105,2956;-60,85314;-52,84899;-49,03305;-41,85606;18560,72;20108,75;-35903,62;-35829,86;15721,1;17342,89
"08.07.2018 03:18:15.030050";"08.07.2018 03:18:15.030250";104,7757;105,241;-52,84899;-45,28545;-56,06963;-49,03305;20108,75;21504,81;-35829,86;-35644,48;14139,67;15721,1
"08.07.2018 03:18:15.030250";"08.07.2018 03:18:15.030451";102,9853;104,7757;-45,28545;-33,2037;-69,93038;-56,06963;21504,81;24035,86;-35644,48;-34820,93;10785,07;14139,67
"08.07.2018 03:18:15.030451";"08.07.2018 03:18:15.030651";101,82;102,9853;-33,2037;-25,82107;-76,76391;-69,93038;24035,86;25289,48;-34820,93;-34421,77;9132,288;10785,07
"08.07.2018 03:18:15.030651";"08.07.2018 03:18:15.030851";100,5105;101,82;-25,82107;-16,48682;-83,37436;-76,76391;25289,48;26591,64;-34421,77;-33984,43;7392,797;9132,288
"08.07.2018 03:18:15.030851";"08.07.2018 03:18:15.031052";97,21718;100,5105;-16,48682;0,9479943;-95,35229;-83,37436;26591,64;29123,27;-33984,43;-32944,13;3820,857;7392,797
"08.07.2018 03:18:15.031052";"08.07.2018 03:18:15.031252";95,01385;97,21718;0,9479943;7,749414;-100,7582;-95,35229;29123,27;30307,14;-32944,13;-32302,58;1995,444;3820,857
"08.07.2018 03:18:15.031252";"08.07.2018 03:18:15.031453";92,29455;95,01385;7,749414;15,55881;-106,0231;-100,7582;30307,14;31219,93;-32302,58;-31466,52;246,5835;1995,444
"08.07.2018 03:18:15.031453";"08.07.2018 03:18:15.031653";89,00655;92,29455;15,55881;25,20864;-111,3067;-106,0231;31219,93;32046,31;-31466,52;-30542,35;-1503,963;246,5835
"08.07.2018 03:18:15.031653";"08.07.2018 03:18:15.031854";80,87419;89,00655;25,20864;43,15348;-121,5826;-111,3067;32046,31;33377,19;-30542,35;-28439,92;-4937,265;-1503,963
"08.07.2018 03:18:15.031854";"08.07.2018 03:18:15.032054";76,25566;80,87419;43,15348;49,95096;-126,0382;-121,5826;33377,19;33867,39;-28439,92;-27149,73;-6717,658;-4937,265
"08.07.2018 03:18:15.032054";"08.07.2018 03:18:15.032254";71,45576;76,25566;49,95096;57,59086;-129,7842;-126,0382;33867,39;34439,57;-27149,73;-25836,99;-8602,581;-6717,658
"08.07.2018 03:18:15.032254";"08.07.2018 03:18:15.032455";66,58114;71,45576;57,59086;66,93211;-132,9063;-129,7842;34439,57;34918,66;-25836,99;-24497,58;-10421,08;-8602,581
"08.07.2018 03:18:15.032455";"08.07.2018 03:18:15.032655";56,70334;66,58114;66,93211;83,77512;-138,2295;-132,9063;34918,66;35574,25;-24497,58;-21764,56;-13809,7;-10421,08
"08.07.2018 03:18:15.032655";"08.07.2018 03:18:15.032856";51,58198;56,70334;83,77512;89,72585;-140,6274;-138,2295;35574,25;35853,42;-21764,56;-20455,7;-15397,71;-13809,7
"08.07.2018 03:18:15.032856";"08.07.2018 03:18:15.033056";46,19661;51,58198;89,72585;96,27902;-142,617;-140,6274;35853,42;36069,28;-20455,7;-19029,19;-17040,09;-15397,71
"08.07.2018 03:18:15.033056";"08.07.2018 03:18:15.033256";34,27396;46,19661;96,27902;112,8594;-144,443;-142,617;36069,28;36090,43;-19029,19;-15978,4;-20093,31;-17040,09
"08.07.2018 03:18:15.033256";"08.07.2018 03:18:15.033457";27,6773;34,27396;112,8594;119,9389;-144,443;-144,3493;35914,53;36071,71;-15978,4;-14400,61;-21513,91;-20093,31
"08.07.2018 03:18:15.033457";"08.07.2018 03:18:15.033657";20,70579;27,6773;119,9389;125,8151;-144,3493;-143,9708;35468,21;35914,53;-14400,61;-12704,32;-22763,89;-21513,91
"08.07.2018 03:18:15.033657";"08.07.2018 03:18:15.033858";13,43878;20,70579;125,8151;131,9211;-143,9708;-143,5542;35036,4;35468,21;-12704,32;-10979,52;-24056,88;-22763,89
"08.07.2018 03:18:15.033858";"08.07.2018 03:18:15.034058";-1,664505;13,43878;131,9211;145,7575;-143,5542;-142,2448;34037,09;35036,4;-10979,52;-7388,26;-26648,83;-24056,88
"08.07.2018 03:18:15.034058";"08.07.2018 03:18:15.034259";-9,391262;-1,664505;145,7575;151,7794;-142,2448;-140,7308;33391,46;34037,09;-7388,26;-5525,708;-27865,75;-26648,83
"08.07.2018 03:18:15.034259";"08.07.2018 03:18:15.034459";-17,19609;-9,391262;151,7794;157,1733;-140,7308;-138,4059;32729,33;33391,46;-5525,708;-3768,599;-28960,73;-27865,75
"08.07.2018 03:18:15.034459";"08.07.2018 03:18:15.034659";-32,93781;-17,19609;157,1733;167,7382;-138,4059;-132,3087;31415,13;32729,33;-3768,599;-325,4898;-31089,64;-28960,73
"08.07.2018 03:18:15.034659";"08.07.2018 03:18:15.034860";-40,78115;-32,93781;167,7382;172,2867;-132,3087;-129,2756;30645,12;31415,13;-325,4898;1309,984;-31955,1;-31089,64
"08.07.2018 03:18:15.034860";"08.07.2018 03:18:15.035060";-48,51328;-40,78115;172,2867;176,5203;-129,2756;-126,4329;29860,81;30645,12;1309,984;2901,708;-32762,52;-31955,1
"08.07.2018 03:18:15.035060";"08.07.2018 03:18:15.035261";-56,06267;-48,51328;176,5203;181,2976;-126,4329;-123,5596;28937,2;29860,81;2901,708;4607,393;-33544,59;-32762,52
"08.07.2018 03:18:15.035261";"08.07.2018 03:18:15.035461";-70,47432;-56,06267;181,2976;190,7581;-123,5596;-116,5916;26623,99;28937,2;4607,393;8242,704;-34866,7;-33544,59
"08.07.2018 03:18:15.035461";"08.07.2018 03:18:15.035662";-77,38384;-70,47432;190,7581;193,1952;-116,5916;-112,4088;25258,67;26623,99;8242,704;10128,4;-35387,07;-34866,7
"08.07.2018 03:18:15.035662";"08.07.2018 03:18:15.035862";-84,19719;-77,38384;193,1952;194,8327;-112,4088;-108,0419;23734,3;25258,67;10128,4;12007,29;-35741,59;-35387,07
"08.07.2018 03:18:15.035862";"08.07.2018 03:18:15.036062";-97,88123;-84,19719;194,8327;200,497;-108,0419;-99,34268;20918,23;23734,3;12007,29;15251,1;-36169,34;-35741,59
"08.07.2018 03:18:15.036062";"08.07.2018 03:18:15.036263";-104,829;-97,88123;200,497;202,494;-99,34268;-94,7579;19542,9;20918,23;15251,1;16793,33;-36336,23;-36169,34
"08.07.2018 03:18:15.036263";"08.07.2018 03:18:15.036463";-111,7942;-104,829;202,2589;202,494;-94,7579;-89,66624;18182,04;19542,9;16793,33;18311,12;-36493,15;-36336,23
"08.07.2018 03:18:15.036463";"08.07.2018 03:18:15.036664";-118,6636;-111,7942;201,3091;202,2589;-89,66624;-83,96069;16707,59;18182,04;18311,12;19746,73;-36493,15;-36454,32
"08.07.2018 03:18:15.036664";"08.07.2018 03:18:15.036864";-131,5771;-118,6636;201,3091;203,8241;-83,96069;-71,39996;13603,79;16707,59;19746,73;22572,53;-36454,32;-36176,32
"08.07.2018 03:18:15.036864";"08.07.2018 03:18:15.037065";-137,4312;-131,5771;203,8241;204,6418;-71,39996;-65,04681;12016,67;13603,79;22572,53;23857,91;-36176,32;-35874,57
"08.07.2018 03:18:15.037065";"08.07.2018 03:18:15.037265";-142,8697;-137,4312;202,607;204,6418;-65,04681;-58,73611;10439,32;12016,67;23857,91;25107,47;-35874,57;-35546,78
"08.07.2018 03:18:15.037265";"08.07.2018 03:18:15.037465";-152,8852;-142,8697;196,5749;202,607;-58,73611;-45,4632;6935,463;10439,32;25107,47;27743,18;-35546,78;-34678,64
"08.07.2018 03:18:15.037465";"08.07.2018 03:18:15.037666";-157,7388;-152,8852;195,7263;196,5749;-45,4632;-38,13694;5241,158;6935,463;27743,18;28929,62;-34678,64;-34170,77
"08.07.2018 03:18:15.037666";"08.07.2018 03:18:15.037866";-162,6472;-157,7388;194,2986;195,7263;-38,13694;-30,35296;3396,182;5241,158;28929,62;30057,55;-34170,77;-33453,74
"08.07.2018 03:18:15.037866";"08.07.2018 03:18:15.038067";-167,6559;-162,6472;190,2559;194,2986;-30,35296;-22,26489;1568,206;3396,182;30057,55;31108,83;-33453,74;-32677,03
"08.07.2018 03:18:15.038067";"08.07.2018 03:18:15.038267";-177,7823;-167,6559;178,9345;190,2559;-22,26489;-5,637638;-1770,898;1568,206;31108,83;32750,5;-32677,03;-30979,6
"08.07.2018 03:18:15.038267";"08.07.2018 03:18:15.038468";-182,6652;-177,7823;175,5027;178,9345;-5,637638;2,884667;-3453,397;-1770,898;32750,5;33484,27;-30979,6;-30030,87
"08.07.2018 03:18:15.038468";"08.07.2018 03:18:15.038668";-187,238;-182,6652;172,7952;175,5027;2,884667;11,57274;-5166,403;-3453,397;33484,27;34095,88;-30030,87;-28929,48
"08.07.2018 03:18:15.038668";"08.07.2018 03:18:15.038868";-194,9993;-187,238;162,4681;172,7952;11,57274;29,14602;-8824,332;-5166,403;34095,88;35009,44;-28929,48;-26185,1
"08.07.2018 03:18:15.038868";"08.07.2018 03:18:15.039069";-198,056;-194,9993;155,2238;162,4681;29,14602;37,79268;-10761,38;-8824,332;35009,44;35423,08;-26185,1;-24661,69
"08.07.2018 03:18:15.039069";"08.07.2018 03:18:15.039269";-200,5311;-198,056;148,4648;155,2238;37,79268;46,26578;-12516,56;-10761,38;35423,08;35693,84;-24661,69;-23177,27
"08.07.2018 03:18:15.039269";"08.07.2018 03:18:15.039470";-202,4227;-200,5311;142,6828;148,4648;46,26578;54,59427;-14137,98;-12516,56;35693,84;35878,11;-23177,27;-21740,13
"08.07.2018 03:18:15.039470";"08.07.2018 03:18:15.039670";-204,469;-202,4227;130,9202;142,6828;54,59427;70,89575;-17382,72;-14137,98;35878,11;36118,43;-21740,13;-18735,7
"08.07.2018 03:18:15.039670";"08.07.2018 03:18:15.039870";-204,6381;-204,469;123,4011;130,9202;70,89575;78,75414;-18746,4;-17382,72;36081,8;36118,43;-18735,7;-17335,39
"08.07.2018 03:18:15.039870";"08.07.2018 03:18:15.040071";-204,6381;-204,2646;115,1091;123,4011;78,75414;86,29741;-20190,39;-18746,4;36032,54;36081,8;-17335,39;-15842,16
"08.07.2018 03:18:15.040071";"08.07.2018 03:18:15.040271";-204,2646;-202,0771;99,82977;115,1091;86,29741;100,4299;-23046,85;-20190,39;35601,49;36032,54;-15842,16;-12554,64
"08.07.2018 03:18:15.040271";"08.07.2018 03:18:15.040472";-202,0771;-200,3906;92,94098;99,82977;100,4299;107,1407;-24456,21;-23046,85;35199,84;35601,49;-12554,64;-10743,62
"08.07.2018 03:18:15.040472";"08.07.2018 03:18:15.040672";-200,3906;-198,3906;85,37901;92,94098;107,1407;113,6241;-25838,02;-24456,21;34777,25;35199,84;-10743,62;-8939,221
"08.07.2018 03:18:15.040672";"08.07.2018 03:18:15.040873";-198,3906;-196,1136;76,72196;85,37901;113,6241;119,7683;-27208,64;-25838,02;34232,62;34777,25;-8939,221;-7023,978
"08.07.2018 03:18:15.040873";"08.07.2018 03:18:15.041073";-196,1136;-190,7196;58,55537;76,72196;119,7683;130,6038;-29630,19;-27208,64;32816,96;34232,62;-7023,978;-3186,777
"08.07.2018 03:18:15.041073";"08.07.2018 03:18:15.041273";-190,7196;-187,5407;49,90618;58,55537;130,6038;135,3949;-30745,55;-29630,19;32013,58;32816,96;-3186,777;-1268,033
"08.07.2018 03:18:15.041273";"08.07.2018 03:18:15.041474";-187,5407;-183,9931;41,32371;49,90618;135,3949;140,0475;-31542,74;-30745,55;31102,84;32013,58;-1268,033;439,899
"08.07.2018 03:18:15.041474";"08.07.2018 03:18:15.041674";-183,9931;-180,0633;32,89578;41,32371;140,0475;144,7379;-32204,52;-31542,74;30208,46;31102,84;439,899;1996,059
"08.07.2018 03:18:15.041674";"08.07.2018 03:18:15.041875";-180,0633;-171,1491;16,93051;32,89578;144,7379;153,933;-33638,22;-32204,52;28352,87;30208,46;1996,059;5285,342
"08.07.2018 03:18:15.041875";"08.07.2018 03:18:15.042075";-171,1491;-166,2621;8,141117;16,93051;153,933;157,9257;-34283,82;-33638,22;27160,42;28352,87;5285,342;7123,396
"08.07.2018 03:18:15.042075";"08.07.2018 03:18:15.042276";-166,2621;-161,1562;-1,416124;8,141117;157,9257;161,2829;-34842,5;-34283,82;25859,49;27160,42;7123,396;8983,005
"08.07.2018 03:18:15.042276";"08.07.2018 03:18:15.042476";-161,1562;-150,395;-16,67494;-1,416124;161,2829;166,7045;-35566,91;-34842,5;22872,57;25859,49;8983,005;12694,33
"08.07.2018 03:18:15.042476";"08.07.2018 03:18:15.042676";-150,395;-144,7609;-22,02559;-16,67494;166,7045;169,2939;-35824,11;-35566,91;21322,66;22872,57;12694,33;14501,45
"08.07.2018 03:18:15.042676";"08.07.2018 03:18:15.042877";-144,7609;-138,9878;-28,86385;-22,02559;169,2939;171,9161;-35966,11;-35824,11;19810,35;21322,66;14501,45;16155,75
"08.07.2018 03:18:15.042877";"08.07.2018 03:18:15.043077";-138,9878;-133,145;-38,10423;-28,86385;171,9161;174,3816;-35966,11;-35949,47;18213,34;19810,35;16155,75;17736,13
"08.07.2018 03:18:15.043077";"08.07.2018 03:18:15.043278";-133,145;-121,7908;-53,26309;-38,10423;174,3816;178,0336;-35949,47;-35470,07;14941,25;18213,34;17736,13;20528,81
"08.07.2018 03:18:15.043278";"08.07.2018 03:18:15.043478";-121,7908;-116,63;-56,68382;-53,26309;178,0336;179,313;-35470,07;-35198,4;13294,4;14941,25;20528,81;21903,99
"08.07.2018 03:18:15.043478";"08.07.2018 03:18:15.043679";-116,63;-112,02;-61,39618;-56,68382;179,313;180,5965;-35198,4;-34755,06;11542,93;13294,4;21903,99;23212,13
"08.07.2018 03:18:15.043679";"08.07.2018 03:18:15.043879";-112,02;-104,558;-79,3512;-61,39618;180,5965;183,7025;-34755,06;-33862,7;7982,024;11542,93;23212,13;25880,67
"08.07.2018 03:18:15.043879";"08.07.2018 03:18:15.044079";-104,558;-101,4341;-85,67807;-79,3512;183,7025;185,0675;-33862,7;-33320,38;6086,263;7982,024;25880,67;27234,12
"08.07.2018 03:18:15.044079";"08.07.2018 03:18:15.044280";-101,4341;-70,98691;-98,60825;-85,67807;168,3522;185,0675;-33320,38;-32707,72;4590,802;6086,263;27234,12;28116,92
"08.07.2018 03:18:15.044280";"08.07.2018 03:18:15.044480";-70,98691;-66,66423;-103,2905;-98,60825;167,7708;168,3522;-32707,72;-32232,95;2849,203;4590,802;28116,92;29383,75
"08.07.2018 03:18:15.044480";"08.07.2018 03:18:15.044681";-66,66423;-55,8714;-114,8011;-103,2905;164,7447;167,7708;-32232,95;-30665,28;-624,0855;2849,203;29383,75;31289,37
"08.07.2018 03:18:15.044681";"08.07.2018 03:18:15.044881";-55,8714;-49,06725;-119,9869;-114,8011;162,9171;164,7447;-30665,28;-29771,08;-2276,577;-624,0855;31289,37;32047,65
"08.07.2018 03:18:15.044881";"08.07.2018 03:18:15.045082";-49,06725;-41,34806;-124,0401;-119,9869;161,0065;162,9171;-29771,08;-28944,62;-3850,952;-2276,577;32047,65;32795,57
"08.07.2018 03:18:15.045082";"08.07.2018 03:18:15.045282";-41,34806;-24,00628;-132,5731;-124,0401;155,9214;161,0065;-28944,62;-26791,82;-7171,726;-3850,952;32795,57;33963,55
"08.07.2018 03:18:15.045282";"08.07.2018 03:18:15.045482";-24,00628;-14,951;-137,3342;-132,5731;152,2878;155,9214;-26791,82;-25597,78;-8857,253;-7171,726;33963,55;34455,03
"08.07.2018 03:18:15.045482";"08.07.2018 03:18:15.045683";-14,951;-5,995005;-141,1547;-137,3342;148,0038;152,2878;-25597,78;-24249,73;-10614,91;-8857,253;34455,03;34864,63
"08.07.2018 03:18:15.045683";"08.07.2018 03:18:15.045883";-5,995005;2,678982;-143,8371;-141,1547;143,3712;148,0038;-24249,73;-22782,09;-12414,79;-10614,91;34864,63;35196,88
"08.07.2018 03:18:15.045883";"08.07.2018 03:18:15.046084";2,678982;18,87017;-148,2473;-143,8371;133,8501;143,3712;-22782,09;-19984,76;-15662,39;-12414,79;35196,88;35647,16
"08.07.2018 03:18:15.046084";"08.07.2018 03:18:15.046284";18,87017;26,3891;-149,9759;-148,2473;128,7976;133,8501;-19984,76;-18417,88;-17232,46;-15662,39;35647,16;35650,34
"08.07.2018 03:18:15.046284";"08.07.2018 03:18:15.046484";26,3891;33,57198;-151,0653;-149,9759;123,2433;128,7976;-18417,88;-16911,31;-18743,8;-17232,46;35650,34;35655,12
"08.07.2018 03:18:15.046484";"08.07.2018 03:18:15.046685";33,57198;47,05741;-153,5051;-151,0653;110,5059;123,2433;-16911,31;-14081,54;-21425,39;-18743,8;35506,92;35655,12
"08.07.2018 03:18:15.046685";"08.07.2018 03:18:15.046885";47,05741;53,39599;-154,6898;-153,5051;103,7458;110,5059;-14081,54;-12533,57;-22685,62;-21425,39;35219,18;35506,92
"08.07.2018 03:18:15.046885";"08.07.2018 03:18:15.047086";53,39599;59,48709;-154,6898;-154,5656;97,03403;103,7458;-12533,57;-10940,81;-23836,37;-22685,62;34777,18;35219,18
"08.07.2018 03:18:15.047086";"08.07.2018 03:18:15.047286";59,48709;65,36131;-154,5656;-153,1785;90,3811;97,03403;-10940,81;-9449,771;-24980,98;-23836,37;34430,75;34777,18
"08.07.2018 03:18:15.047286";"08.07.2018 03:18:15.047487";65,36131;76,64886;-153,1785;-151,2172;76,46606;90,3811;-9449,771;-6102,436;-27487,71;-24980,98;33590,14;34430,75
"08.07.2018 03:18:15.047487";"08.07.2018 03:18:15.047687";76,64886;82,16018;-151,2172;-150,4474;68,85242;76,46606;-6102,436;-4391,519;-28611,82;-27487,71;33003,34;33590,14
"08.07.2018 03:18:15.047687";"08.07.2018 03:18:15.047887";82,16018;87,62009;-150,4474;-147,9984;60,82331;68,85242;-4391,519;-2532,274;-29656,69;-28611,82;32188,96;33003,34
"08.07.2018 03:18:15.047887";"08.07.2018 03:18:15.048088";87,62009;98,31009;-147,9984;-139,7198;44,20552;60,82331;-2532,274;978,8555;-31376,9;-29656,69;30398,04;32188,96
"08.07.2018 03:18:15.048088";"08.07.2018 03:18:15.048288";98,31009;103,4332;-139,7198;-136,7351;35,84431;44,20552;978,8555;2600,677;-32053,77;-31376,9;29453,1;30398,04
"08.07.2018 03:18:15.048288";"08.07.2018 03:18:15.048489";103,4332;108,3175;-136,7351;-134,3532;27,4562;35,84431;2600,677;4224,932;-32729,4;-32053,77;28504,47;29453,1
"08.07.2018 03:18:15.048489";"08.07.2018 03:18:15.048689";108,3175;112,9034;-134,3532;-131,1675;19,02874;27,4562;4224,932;5911,452;-33311,6;-32729,4;27400,15;28504,47
"08.07.2018 03:18:15.048689";"08.07.2018 03:18:15.048890";112,9034;121,0282;-131,1675;-121,7268;2,315677;19,02874;5911,452;9227,392;-34198,91;-33311,6;24971,51;27400,15
"08.07.2018 03:18:15.048890";"08.07.2018 03:18:15.049090";121,0282;124,5229;-121,7268;-116,747;-5,780908;2,315677;9227,392;10901,9;-34593,39;-34198,91;23691,5;24971,51
"08.07.2018 03:18:15.049090";"08.07.2018 03:18:15.049290";124,5229;127,6107;-116,747;-111,5903;-13,67257;-5,780908;10901,9;12516,56;-34842,65;-34593,39;22326,09;23691,5
"08.07.2018 03:18:15.049290";"08.07.2018 03:18:15.049491";127,6107;132,4279;-111,5903;-100,4329;-29,13245;-13,67257;12516,56;15664,32;-35185,43;-34842,65;19521,11;22326,09
"08.07.2018 03:18:15.049491";"08.07.2018 03:18:15.049691";132,4279;134,0806;-100,4329;-95,07122;-36,78866;-29,13245;15664,32;17173,18;-35269,54;-35185,43;18096,37;19521,11
"08.07.2018 03:18:15.049691";"08.07.2018 03:18:15.049892";134,0806;135,2015;-95,07122;-89,37737;-44,33765;-36,78866;17173,18;18639,21;-35269,54;-35238,9;16599,7;18096,37
"08.07.2018 03:18:15.049892";"08.07.2018 03:18:15.050092";135,2015;135,8088;-89,37737;-82,58007;-51,70448;-44,33765;18639,21;20180,2;-35238,9;-35166,94;14986,74;16599,7
"08.07.2018 03:18:15.050092";"08.07.2018 03:18:15.050293";135,7355;135,9589;-82,58007;-67,9883;-65,88035;-51,70448;20180,2;22831,35;-35166,94;-34578,04;11746,68;14986,74
"08.07.2018 03:18:15.050293";"08.07.2018 03:18:15.050493";135,2265;135,7355;-67,9883;-62,0221;-72,78133;-65,88035;22831,35;24054,34;-34578,04;-34079,93;10025,59;11746,68
"08.07.2018 03:18:15.050493";"08.07.2018 03:18:15.050693";134,4948;135,2265;-62,0221;-55,93671;-79,53476;-72,78133;24054,34;25239,85;-34079,93;-33598,35;8358,493;10025,59
"08.07.2018 03:18:15.050693";"08.07.2018 03:18:15.050894";133,5548;134,4948;-55,93671;-48,23438;-86,00063;-79,53476;25239,85;26446,87;-33598,35;-33062,37;6615,501;8358,493
"08.07.2018 03:18:15.050894";"08.07.2018 03:18:15.051094";130,8247;133,5548;-48,23438;-30,12671;-97,53673;-86,00063;26446,87;28753,33;-33062,37;-31859,34;3106,01;6615,501
"08.07.2018 03:18:15.051094";"08.07.2018 03:18:15.051295";128,8298;130,8247;-30,12671;-22,45595;-102,6741;-97,53673;28753,33;29837,45;-31859,34;-31193,47;1356,021;3106,01
"08.07.2018 03:18:15.051295";"08.07.2018 03:18:15.051495";126,2834;128,8298;-22,45595;-15,32644;-107,6623;-102,6741;29837,45;30675,97;-31193,47;-30384,52;-291,4436;1356,021
"08.07.2018 03:18:15.051495";"08.07.2018 03:18:15.051695";119,4456;126,2834;-15,32644;1,450471;-117,7138;-107,6623;30675,97;32237,33;-30384,52;-28669,63;-3567,707;-291,4436
"08.07.2018 03:18:15.051695";"08.07.2018 03:18:15.051896";115,2892;119,4456;1,450471;10,25407;-122,5425;-117,7138;32237,33;32777,53;-28669,63;-27646,38;-5131,155;-3567,707
"08.07.2018 03:18:15.051896";"08.07.2018 03:18:15.052096";110,8231;115,2892;10,25407;18,40743;-126,8892;-122,5425;32777,53;33275,65;-27646,38;-26449,81;-6825,834;-5131,155
"08.07.2018 03:18:15.052096";"08.07.2018 03:18:15.052297";106,1999;110,8231;18,40743;26,33139;-130,6155;-126,8892;33275,65;33846,1;-26449,81;-25195,33;-8650,77;-6825,834
"08.07.2018 03:18:15.052297";"08.07.2018 03:18:15.052497";96,87881;106,1999;26,33139;42,52249;-136,7697;-130,6155;33846,1;34626,11;-25195,33;-22458,25;-12167,85;-8650,77
"08.07.2018 03:18:15.052497";"08.07.2018 03:18:15.052698";92,20434;96,87881;42,52249;49,9559;-139,6715;-136,7697;34626,11;34845,33;-22458,25;-21071,05;-13774,28;-12167,85
"08.07.2018 03:18:15.052698";"08.07.2018 03:18:15.052898";87,426;92,20434;49,9559;57,10727;-142,5221;-139,6715;34845,33;35049,27;-21071,05;-19716,59;-15332,68;-13774,28
"08.07.2018 03:18:15.052898";"08.07.2018 03:18:15.053098";77,11125;87,426;57,10727;72,69022;-147,0981;-142,5221;35049,27;35198,09;-19716,59;-16745,85;-18431,9;-15332,68
"08.07.2018 03:18:15.053098";"08.07.2018 03:18:15.053299";71,40581;77,11125;72,69022;80,10342;-148,4321;-147,0981;35156,81;35177,76;-16745,85;-15272,98;-19883,82;-18431,9
"08.07.2018 03:18:15.053299";"08.07.2018 03:18:15.053499";65,30284;71,40581;80,10342;86,54967;-149,25;-148,4321;35042,7;35156,81;-15272,98;-13777,96;-21264,73;-19883,82
"08.07.2018 03:18:15.053499";"08.07.2018 03:18:15.053700";58,84042;65,30284;86,54967;92,91302;-149,8635;-149,25;34681,13;35042,7;-13777,96;-12182,88;-22498,26;-21264,73
"08.07.2018 03:18:15.053700";"08.07.2018 03:18:15.053900";45,1054;58,84042;92,91302;107,9153;-151,1073;-149,8635;34069,16;34681,13;-12182,88;-8896,334;-25172,83;-22498,26
"08.07.2018 03:18:15.053900";"08.07.2018 03:18:15.054101";37,95438;45,1054;107,9153;114,7348;-151,3782;-151,1073;33590,38;34069,16;-8896,334;-7102,761;-26487,62;-25172,83
"08.07.2018 03:18:15.054101";"08.07.2018 03:18:15.054301";30,65972;37,95438;114,7348;120,1529;-151,3782;-150,9507;33014,7;33590,38;-7102,761;-5260,584;-27754,12;-26487,62
"08.07.2018 03:18:15.054301";"08.07.2018 03:18:15.054501";15,68005;30,65972;120,1529;131,1886;-150,9507;-147,7166;31692,92;33014,7;-5260,584;-1757,412;-29935,51;-27754,12
"08.07.2018 03:18:15.054501";"08.07.2018 03:18:15.054702";8,029377;15,68005;131,1886;137,5593;-147,7166;-145,4575;30949,67;31692,92;-1757,412;-13,12489;-30936,54;-29935,51
"08.07.2018 03:18:15.054702";"08.07.2018 03:18:15.054902";0,3288782;8,029377;137,5593;143,1031;-145,4575;-143,2166;30077,83;30949,67;-13,12489;1629,897;-31707,72;-30936,54
"08.07.2018 03:18:15.054902";"08.07.2018 03:18:15.055103";-7,353839;0,3288782;143,1031;147,4877;-143,2166;-141,0439;29191,3;30077,83;1629,897;3208,227;-32399,52;-31707,72
"08.07.2018 03:18:15.055103";"08.07.2018 03:18:15.055303";-22,41371;-7,353839;147,4877;156,6022;-141,0439;-135,8777;27025,75;29191,3;3208,227;6628,321;-33654,08;-32399,52
"08.07.2018 03:18:15.055303";"08.07.2018 03:18:15.055504";-29,74009;-22,41371;156,6022;161,6132;-135,8777;-132,3808;25872,06;27025,75;6628,321;8390,416;-34262,48;-33654,08
"08.07.2018 03:18:15.055504";"08.07.2018 03:18:15.055704";-36,97115;-29,74009;161,6132;165,6574;-132,3808;-128,3033;24587,64;25872,06;8390,416;10205,08;-34792,72;-34262,48
"08.07.2018 03:18:15.055704";"08.07.2018 03:18:15.055904";-51,45546;-36,97115;165,6574;170,9515;-128,3033;-119,3986;21902,37;24587,64;10205,08;13653,95;-35556,31;-34792,72
"08.07.2018 03:18:15.055904";"08.07.2018 03:18:15.056105";-58,84209;-51,45546;170,9515;173,2729;-119,3986;-114,7804;20641,28;21902,37;13653,95;15146,8;-35788,08;-35556,31
"08.07.2018 03:18:15.056105";"08.07.2018 03:18:15.056305";-66,33743;-58,84209;173,2729;175,13;-114,7804;-109,8355;19361,78;20641,28;15146,8;16644,77;-36006,56;-35788,08
"08.07.2018 03:18:15.056305";"08.07.2018 03:18:15.056506";-73,86801;-66,33743;175,13;176,3263;-109,8355;-104,3131;18042,9;19361,78;16644,77;18124,79;-36167,69;-36006,56
"08.07.2018 03:18:15.056506";"08.07.2018 03:18:15.056706";-88,48945;-73,86801;176,3263;178,9168;-104,3131;-91,4472;14946,67;18042,9;18124,79;20923,05;-36167,69;-35869,72
"08.07.2018 03:18:15.056706";"08.07.2018 03:18:15.056907";-95,28716;-88,48945;178,9168;180,145;-91,4472;-84,5703;13262,78;14946,67;20923,05;22298,98;-35869,72;-35561,76
"08.07.2018 03:18:15.056907";"08.07.2018 03:18:15.057107";-101,6152;-95,28716;180,0421;180,145;-84,5703;-77,74541;11555,84;13262,78;22298,98;23559,83;-35561,76;-35115,67
"08.07.2018 03:18:15.057107";"08.07.2018 03:18:15.057307";-112,9286;-101,6152;177,2565;180,0421;-77,74541;-64,20956;8079,365;11555,84;23559,83;26079,87;-35115,67;-34159,23
"08.07.2018 03:18:15.057307";"08.07.2018 03:18:15.057508";-118,1166;-112,9286;176,6129;177,2565;-64,20956;-57,11892;6316,109;8079,365;26079,87;27345,01;-34159,23;-33661,11
"08.07.2018 03:18:15.057508";"08.07.2018 03:18:15.057708";-123,1755;-118,1166;175,7622;176,6129;-57,11892;-49,62564;4685,058;6316,109;27345,01;28477,14;-33661,11;-33162,2
"08.07.2018 03:18:15.057708";"08.07.2018 03:18:15.057909";-128,2164;-123,1755;173,202;175,7622;-49,62564;-41,78373;2956,252;4685,058;28477,14;29538,94;-33162,2;-32495,2
"08.07.2018 03:18:15.057909";"08.07.2018 03:18:15.058109";-138,3711;-128,2164;164,603;173,202;-41,78373;-25,66826;-231,7917;2956,252;29538,94;31322,85;-32495,2;-31091,06
"08.07.2018 03:18:15.058109";"08.07.2018 03:18:15.058309";-143,3755;-138,3711;161,4057;164,603;-25,66826;-17,5744;-1768,982;-231,7917;31322,85;32030,3;-31091,06;-30261,32
"08.07.2018 03:18:15.058309";"08.07.2018 03:18:15.058510";-148,1791;-143,3755;158,7753;161,4057;-17,5744;-9,433026;-3354,874;-1768,982;32030,3;32730,48;-30261,32;-29375,61
"08.07.2018 03:18:15.058510";"08.07.2018 03:18:15.058710";-156,6944;-148,1791;150,541;158,7753;-9,433026;7,03887;-6816,056;-3354,874;32730,48;33833,35;-29375,61;-27017,29
"08.07.2018 03:18:15.058710";"08.07.2018 03:18:15.058911";-160,2341;-156,6944;145,1859;150,541;7,03887;15,22175;-8729,685;-6816,056;33833,35;34330,29;-27017,29;-25600,6
"08.07.2018 03:18:15.058911";"08.07.2018 03:18:15.059111";-163,2451;-160,2341;139,8164;145,1859;15,22175;23,24014;-10729,94;-8729,685;34330,29;34802,16;-25600,6;-24072,22
"08.07.2018 03:18:15.059111";"08.07.2018 03:18:15.059312";-165,7281;-163,2451;134,2398;139,8164;23,24014;31,07403;-12544,47;-10729,94;34802,16;35121,73;-24072,22;-22577,26
"08.07.2018 03:18:15.059312";"08.07.2018 03:18:15.059512";-169,1726;-165,7281;122,1676;134,2398;31,07403;46,39793;-15901,44;-12544,47;35121,73;35486,55;-22577,26;-19585,11
"08.07.2018 03:18:15.059512";"08.07.2018 03:18:15.059712";-170,1671;-169,1726;116,321;122,1676;46,39793;53,93893;-17391,38;-15901,44;35486,55;35509,93;-19585,11;-18118,55
"08.07.2018 03:18:15.059712";"08.07.2018 03:18:15.059913";-170,7001;-170,1671;110,1318;116,321;53,93893;61,32616;-18666,88;-17391,38;35399,59;35509,93;-18118,55;-16732,72
"08.07.2018 03:18:15.059913";"08.07.2018 03:18:15.060113";-170,7995;-170,7001;102,8355;110,1318;61,32616;68,48422;-19996,69;-18666,88;35268,1;35399,59;-16732,72;-15271,41
"08.07.2018 03:18:15.060113";"08.07.2018 03:18:15.060314";-170,7995;-169,8817;87,26412;102,8355;68,48422;82,146;-22618,02;-19996,69;34726,3;35268,1;-15271,41;-12108,27
"08.07.2018 03:18:15.060314";"08.07.2018 03:18:15.060514";-169,8817;-168,9801;80,83239;87,26412;82,146;88,78209;-23937,92;-22618,02;34323,51;34726,3;-12108,27;-10385,58
"08.07.2018 03:18:15.060514";"08.07.2018 03:18:15.060715";-168,9801;-167,8502;74,30779;80,83239;88,78209;95,29809;-25259,96;-23937,92;33937,66;34323,51;-10385,58;-8677,696
"08.07.2018 03:18:15.060715";"08.07.2018 03:18:15.060915";-167,8502;-164,9529;56,67614;74,30779;95,29809;107,4748;-27830,03;-25259,96;32837,53;33937,66;-8677,696;-5007,497
"08.07.2018 03:18:15.060915";"08.07.2018 03:18:15.061115";-164,9529;-163,126;47,40913;56,67614;107,4748;112,9463;-28999,99;-27830,03;32158,45;32837,53;-5007,497;-3158,458
"08.07.2018 03:18:15.061115";"08.07.2018 03:18:15.061316";-163,126;-160,9694;39,47253;47,40913;112,9463;118,108;-30100,43;-28999,99;31373,14;32158,45;-3158,458;-1272,712
"08.07.2018 03:18:15.061316";"08.07.2018 03:18:15.061516";-160,9694;-158,4234;32,134;39,47253;118,108;123,1766;-30865,34;-30100,43;30440,38;31373,14;-1272,712;424,9598
"08.07.2018 03:18:15.061516";"08.07.2018 03:18:15.061717";-158,4234;-152,0388;15,12234;32,134;123,1766;133,458;-32153,61;-30865,34;28558;30440,38;424,9598;3595,615
"08.07.2018 03:18:15.061717";"08.07.2018 03:18:15.061917";-152,0388;-148,2107;6,296491;15,12234;133,458;138,3772;-32768;-32153,61;27493,04;28558;3595,615;5274,955
"08.07.2018 03:18:15.061917";"08.07.2018 03:18:15.062118";-148,2107;-143,9987;-1,815415;6,296491;138,3772;142,7619;-33353,63;-32768;26264,8;27493,04;5274,955;7088,83
"08.07.2018 03:18:15.062118";"08.07.2018 03:18:15.062318";-143,9987;-134,5332;-17,62361;-1,815415;142,7619;149,5555;-34275,51;-33353,63;23621,42;26264,8;7088,83;10654,09
"08.07.2018 03:18:15.062318";"08.07.2018 03:18:15.062518";-134,5332;-129,2991;-25,44273;-17,62361;149,5555;152,3276;-34665,81;-34275,51;22185,54;23621,42;10654,09;12480,27
"08.07.2018 03:18:15.062518";"08.07.2018 03:18:15.062719";-129,2991;-123,7342;-32,60417;-25,44273;152,3276;155,0081;-35016,7;-34665,81;20794,43;22185,54;12480,27;14222,27
"08.07.2018 03:18:15.062719";"08.07.2018 03:18:15.062919";-123,7342;-117,8646;-39,43709;-32,60417;155,0081;157,6246;-35280,96;-35016,7;19453,75;20794,43;14222,27;15827,22
"08.07.2018 03:18:15.062919";"08.07.2018 03:18:15.063120";-117,8646;-105,5649;-54,26846;-39,43709;157,6246;161,8573;-35397,41;-35280,96;16495,86;19453,75;15827,22;18789,5
